number,code,browser,shortname
1,U+1F600,ğŸ˜€,grinning face
2,U+1F603,ğŸ˜ƒ,grinning face with big eyes
3,U+1F604,ğŸ˜„,grinning face with smiling eyes
4,U+1F601,ğŸ˜,beaming face with smiling eyes
5,U+1F606,ğŸ˜†,grinning squinting face
6,U+1F605,ğŸ˜…,grinning face with sweat
7,U+1F923,ğŸ¤£,rolling on the floor laughing
8,U+1F602,ğŸ˜‚,face with tears of joy
9,U+1F642,ğŸ™‚,slightly smiling face
10,U+1F643,ğŸ™ƒ,upside-down face
11,U+1F609,ğŸ˜‰,winking face
12,U+1F60A,ğŸ˜Š,smiling face with smiling eyes
13,U+1F607,ğŸ˜‡,smiling face with halo
15,U+1F60D,ğŸ˜,smiling face with heart-eyes
17,U+1F618,ğŸ˜˜,face blowing a kiss
18,U+1F617,ğŸ˜—,kissing face
19,U+263A,â˜º,smiling face
20,U+1F61A,ğŸ˜š,kissing face with closed eyes
21,U+1F619,ğŸ˜™,kissing face with smiling eyes
22,U+1F60B,ğŸ˜‹,face savoring food
23,U+1F61B,ğŸ˜›,face with tongue
24,U+1F61C,ğŸ˜œ,winking face with tongue
26,U+1F61D,ğŸ˜,squinting face with tongue
27,U+1F911,ğŸ¤‘,money-mouth face
28,U+1F917,ğŸ¤—,hugging face
31,U+1F914,ğŸ¤”,thinking face
32,U+1F910,ğŸ¤,zipper-mouth face
34,U+1F610,ğŸ˜,neutral face
35,U+1F611,ğŸ˜‘,expressionless face
36,U+1F636,ğŸ˜¶,face without mouth
37,U+1F60F,ğŸ˜,smirking face
38,U+1F612,ğŸ˜’,unamused face
39,U+1F644,ğŸ™„,face with rolling eyes
40,U+1F62C,ğŸ˜¬,grimacing face
41,U+1F925,ğŸ¤¥,lying face
42,U+1F60C,ğŸ˜Œ,relieved face
43,U+1F614,ğŸ˜”,pensive face
44,U+1F62A,ğŸ˜ª,sleepy face
45,U+1F924,ğŸ¤¤,drooling face
46,U+1F634,ğŸ˜´,sleeping face
47,U+1F637,ğŸ˜·,face with medical mask
48,U+1F912,ğŸ¤’,face with thermometer
49,U+1F915,ğŸ¤•,face with head-bandage
50,U+1F922,ğŸ¤¢,nauseated face
52,U+1F927,ğŸ¤§,sneezing face
56,U+1F635,ğŸ˜µ,dizzy face
58,U+1F920,ğŸ¤ ,cowboy hat face
60,U+1F60E,ğŸ˜,smiling face with sunglasses
61,U+1F913,ğŸ¤“,nerd face
63,U+1F615,ğŸ˜•,confused face
64,U+1F61F,ğŸ˜Ÿ,worried face
65,U+1F641,ğŸ™,slightly frowning face
66,U+2639,â˜¹,frowning face
67,U+1F62E,ğŸ˜®,face with open mouth
68,U+1F62F,ğŸ˜¯,hushed face
69,U+1F632,ğŸ˜²,astonished face
70,U+1F633,ğŸ˜³,flushed face
72,U+1F626,ğŸ˜¦,frowning face with open mouth
73,U+1F627,ğŸ˜§,anguished face
74,U+1F628,ğŸ˜¨,fearful face
75,U+1F630,ğŸ˜°,anxious face with sweat
76,U+1F625,ğŸ˜¥,sad but relieved face
77,U+1F622,ğŸ˜¢,crying face
78,U+1F62D,ğŸ˜­,loudly crying face
79,U+1F631,ğŸ˜±,face screaming in fear
80,U+1F616,ğŸ˜–,confounded face
81,U+1F623,ğŸ˜£,persevering face
82,U+1F61E,ğŸ˜,disappointed face
83,U+1F613,ğŸ˜“,downcast face with sweat
84,U+1F629,ğŸ˜©,weary face
85,U+1F62B,ğŸ˜«,tired face
87,U+1F624,ğŸ˜¤,face with steam from nose
88,U+1F621,ğŸ˜¡,pouting face
89,U+1F620,ğŸ˜ ,angry face
91,U+1F608,ğŸ˜ˆ,smiling face with horns
92,U+1F47F,ğŸ‘¿,angry face with horns
93,U+1F480,ğŸ’€,skull
94,U+2620,â˜ ,skull and crossbones
95,U+1F4A9,ğŸ’©,pile of poo
96,U+1F921,ğŸ¤¡,clown face
97,U+1F479,ğŸ‘¹,ogre
98,U+1F47A,ğŸ‘º,goblin
99,U+1F47B,ğŸ‘»,ghost
100,U+1F47D,ğŸ‘½,alien
101,U+1F47E,ğŸ‘¾,alien monster
102,U+1F916,ğŸ¤–,robot
103,U+1F63A,ğŸ˜º,grinning cat
104,U+1F638,ğŸ˜¸,grinning cat with smiling eyes
105,U+1F639,ğŸ˜¹,cat with tears of joy
106,U+1F63B,ğŸ˜»,smiling cat with heart-eyes
107,U+1F63C,ğŸ˜¼,cat with wry smile
108,U+1F63D,ğŸ˜½,kissing cat
109,U+1F640,ğŸ™€,weary cat
110,U+1F63F,ğŸ˜¿,crying cat
111,U+1F63E,ğŸ˜¾,pouting cat
112,U+1F648,ğŸ™ˆ,see-no-evil monkey
113,U+1F649,ğŸ™‰,hear-no-evil monkey
114,U+1F64A,ğŸ™Š,speak-no-evil monkey
115,U+1F48B,ğŸ’‹,kiss mark
116,U+1F48C,ğŸ’Œ,love letter
117,U+1F498,ğŸ’˜,heart with arrow
118,U+1F49D,ğŸ’,heart with ribbon
119,U+1F496,ğŸ’–,sparkling heart
120,U+1F497,ğŸ’—,growing heart
121,U+1F493,ğŸ’“,beating heart
122,U+1F49E,ğŸ’,revolving hearts
123,U+1F495,ğŸ’•,two hearts
124,U+1F49F,ğŸ’Ÿ,heart decoration
125,U+2763,â£,heart exclamation
126,U+1F494,ğŸ’”,broken heart
127,U+2764,â¤,red heart
129,U+1F49B,ğŸ’›,yellow heart
130,U+1F49A,ğŸ’š,green heart
131,U+1F499,ğŸ’™,blue heart
132,U+1F49C,ğŸ’œ,purple heart
134,U+1F5A4,ğŸ–¤,black heart
136,U+1F4AF,ğŸ’¯,hundred points
137,U+1F4A2,ğŸ’¢,anger symbol
138,U+1F4A5,ğŸ’¥,collision
139,U+1F4AB,ğŸ’«,dizzy
140,U+1F4A6,ğŸ’¦,sweat droplets
141,U+1F4A8,ğŸ’¨,dashing away
142,U+1F573,ğŸ•³,hole
143,U+1F4A3,ğŸ’£,bomb
144,U+1F4AC,ğŸ’¬,speech balloon
145,U+1F441 U+FE0F U+200D U+1F5E8 U+FE0F,ğŸ‘ï¸â€ğŸ—¨ï¸,eye in speech bubble
146,U+1F5E8,ğŸ—¨,left speech bubble
147,U+1F5EF,ğŸ—¯,right anger bubble
148,U+1F4AD,ğŸ’­,thought balloon
149,U+1F4A4,ğŸ’¤,zzz
150,U+1F44B,ğŸ‘‹,waving hand
151,U+1F91A,ğŸ¤š,raised back of hand
152,U+1F590,ğŸ–,hand with fingers splayed
153,U+270B,âœ‹,raised hand
154,U+1F596,ğŸ––,vulcan salute
155,U+1F44C,ğŸ‘Œ,OK hand
157,U+270C,âœŒ,victory hand
158,U+1F91E,ğŸ¤,crossed fingers
160,U+1F918,ğŸ¤˜,sign of the horns
161,U+1F919,ğŸ¤™,call me hand
162,U+1F448,ğŸ‘ˆ,backhand index pointing left
163,U+1F449,ğŸ‘‰,backhand index pointing right
164,U+1F446,ğŸ‘†,backhand index pointing up
165,U+1F595,ğŸ–•,middle finger
166,U+1F447,ğŸ‘‡,backhand index pointing down
167,U+261D,â˜,index pointing up
168,U+1F44D,ğŸ‘,thumbs up
169,U+1F44E,ğŸ‘,thumbs down
170,U+270A,âœŠ,raised fist
171,U+1F44A,ğŸ‘Š,oncoming fist
172,U+1F91B,ğŸ¤›,left-facing fist
173,U+1F91C,ğŸ¤œ,right-facing fist
174,U+1F44F,ğŸ‘,clapping hands
175,U+1F64C,ğŸ™Œ,raising hands
176,U+1F450,ğŸ‘,open hands
178,U+1F91D,ğŸ¤,handshake
179,U+1F64F,ğŸ™,folded hands
180,U+270D,âœ,writing hand
181,U+1F485,ğŸ’…,nail polish
182,U+1F933,ğŸ¤³,selfie
183,U+1F4AA,ğŸ’ª,flexed biceps
188,U+1F442,ğŸ‘‚,ear
190,U+1F443,ğŸ‘ƒ,nose
194,U+1F440,ğŸ‘€,eyes
195,U+1F441,ğŸ‘,eye
196,U+1F445,ğŸ‘…,tongue
197,U+1F444,ğŸ‘„,mouth
198,U+1F476,ğŸ‘¶,baby
200,U+1F466,ğŸ‘¦,boy
201,U+1F467,ğŸ‘§,girl
203,U+1F471,ğŸ‘±,person: blond hair
204,U+1F468,ğŸ‘¨,man
210,U+1F469,ğŸ‘©,woman
219,U+1F471 U+200D U+2640 U+FE0F,ğŸ‘±â€â™€ï¸,woman: blond hair
220,U+1F471 U+200D U+2642 U+FE0F,ğŸ‘±â€â™‚ï¸,man: blond hair
222,U+1F474,ğŸ‘´,old man
223,U+1F475,ğŸ‘µ,old woman
224,U+1F64D,ğŸ™,person frowning
225,U+1F64D U+200D U+2642 U+FE0F,ğŸ™â€â™‚ï¸,man frowning
226,U+1F64D U+200D U+2640 U+FE0F,ğŸ™â€â™€ï¸,woman frowning
227,U+1F64E,ğŸ™,person pouting
228,U+1F64E U+200D U+2642 U+FE0F,ğŸ™â€â™‚ï¸,man pouting
229,U+1F64E U+200D U+2640 U+FE0F,ğŸ™â€â™€ï¸,woman pouting
230,U+1F645,ğŸ™…,person gesturing NO
231,U+1F645 U+200D U+2642 U+FE0F,ğŸ™…â€â™‚ï¸,man gesturing NO
232,U+1F645 U+200D U+2640 U+FE0F,ğŸ™…â€â™€ï¸,woman gesturing NO
233,U+1F646,ğŸ™†,person gesturing OK
234,U+1F646 U+200D U+2642 U+FE0F,ğŸ™†â€â™‚ï¸,man gesturing OK
235,U+1F646 U+200D U+2640 U+FE0F,ğŸ™†â€â™€ï¸,woman gesturing OK
236,U+1F481,ğŸ’,person tipping hand
237,U+1F481 U+200D U+2642 U+FE0F,ğŸ’â€â™‚ï¸,man tipping hand
238,U+1F481 U+200D U+2640 U+FE0F,ğŸ’â€â™€ï¸,woman tipping hand
239,U+1F64B,ğŸ™‹,person raising hand
240,U+1F64B U+200D U+2642 U+FE0F,ğŸ™‹â€â™‚ï¸,man raising hand
241,U+1F64B U+200D U+2640 U+FE0F,ğŸ™‹â€â™€ï¸,woman raising hand
245,U+1F647,ğŸ™‡,person bowing
246,U+1F647 U+200D U+2642 U+FE0F,ğŸ™‡â€â™‚ï¸,man bowing
247,U+1F647 U+200D U+2640 U+FE0F,ğŸ™‡â€â™€ï¸,woman bowing
248,U+1F926,ğŸ¤¦,person facepalming
249,U+1F926 U+200D U+2642 U+FE0F,ğŸ¤¦â€â™‚ï¸,man facepalming
250,U+1F926 U+200D U+2640 U+FE0F,ğŸ¤¦â€â™€ï¸,woman facepalming
251,U+1F937,ğŸ¤·,person shrugging
252,U+1F937 U+200D U+2642 U+FE0F,ğŸ¤·â€â™‚ï¸,man shrugging
253,U+1F937 U+200D U+2640 U+FE0F,ğŸ¤·â€â™€ï¸,woman shrugging
255,U+1F468 U+200D U+2695 U+FE0F,ğŸ‘¨â€âš•ï¸,man health worker
256,U+1F469 U+200D U+2695 U+FE0F,ğŸ‘©â€âš•ï¸,woman health worker
258,U+1F468 U+200D U+1F393,ğŸ‘¨â€ğŸ“,man student
259,U+1F469 U+200D U+1F393,ğŸ‘©â€ğŸ“,woman student
261,U+1F468 U+200D U+1F3EB,ğŸ‘¨â€ğŸ«,man teacher
262,U+1F469 U+200D U+1F3EB,ğŸ‘©â€ğŸ«,woman teacher
264,U+1F468 U+200D U+2696 U+FE0F,ğŸ‘¨â€âš–ï¸,man judge
265,U+1F469 U+200D U+2696 U+FE0F,ğŸ‘©â€âš–ï¸,woman judge
267,U+1F468 U+200D U+1F33E,ğŸ‘¨â€ğŸŒ¾,man farmer
268,U+1F469 U+200D U+1F33E,ğŸ‘©â€ğŸŒ¾,woman farmer
270,U+1F468 U+200D U+1F373,ğŸ‘¨â€ğŸ³,man cook
271,U+1F469 U+200D U+1F373,ğŸ‘©â€ğŸ³,woman cook
273,U+1F468 U+200D U+1F527,ğŸ‘¨â€ğŸ”§,man mechanic
274,U+1F469 U+200D U+1F527,ğŸ‘©â€ğŸ”§,woman mechanic
276,U+1F468 U+200D U+1F3ED,ğŸ‘¨â€ğŸ­,man factory worker
277,U+1F469 U+200D U+1F3ED,ğŸ‘©â€ğŸ­,woman factory worker
279,U+1F468 U+200D U+1F4BC,ğŸ‘¨â€ğŸ’¼,man office worker
280,U+1F469 U+200D U+1F4BC,ğŸ‘©â€ğŸ’¼,woman office worker
282,U+1F468 U+200D U+1F52C,ğŸ‘¨â€ğŸ”¬,man scientist
283,U+1F469 U+200D U+1F52C,ğŸ‘©â€ğŸ”¬,woman scientist
285,U+1F468 U+200D U+1F4BB,ğŸ‘¨â€ğŸ’»,man technologist
286,U+1F469 U+200D U+1F4BB,ğŸ‘©â€ğŸ’»,woman technologist
288,U+1F468 U+200D U+1F3A4,ğŸ‘¨â€ğŸ¤,man singer
289,U+1F469 U+200D U+1F3A4,ğŸ‘©â€ğŸ¤,woman singer
291,U+1F468 U+200D U+1F3A8,ğŸ‘¨â€ğŸ¨,man artist
292,U+1F469 U+200D U+1F3A8,ğŸ‘©â€ğŸ¨,woman artist
294,U+1F468 U+200D U+2708 U+FE0F,ğŸ‘¨â€âœˆï¸,man pilot
295,U+1F469 U+200D U+2708 U+FE0F,ğŸ‘©â€âœˆï¸,woman pilot
297,U+1F468 U+200D U+1F680,ğŸ‘¨â€ğŸš€,man astronaut
298,U+1F469 U+200D U+1F680,ğŸ‘©â€ğŸš€,woman astronaut
300,U+1F468 U+200D U+1F692,ğŸ‘¨â€ğŸš’,man firefighter
301,U+1F469 U+200D U+1F692,ğŸ‘©â€ğŸš’,woman firefighter
302,U+1F46E,ğŸ‘®,police officer
303,U+1F46E U+200D U+2642 U+FE0F,ğŸ‘®â€â™‚ï¸,man police officer
304,U+1F46E U+200D U+2640 U+FE0F,ğŸ‘®â€â™€ï¸,woman police officer
305,U+1F575,ğŸ•µ,detective
306,U+1F575 U+FE0F U+200D U+2642 U+FE0F,ğŸ•µï¸â€â™‚ï¸,man detective
307,U+1F575 U+FE0F U+200D U+2640 U+FE0F,ğŸ•µï¸â€â™€ï¸,woman detective
308,U+1F482,ğŸ’‚,guard
309,U+1F482 U+200D U+2642 U+FE0F,ğŸ’‚â€â™‚ï¸,man guard
310,U+1F482 U+200D U+2640 U+FE0F,ğŸ’‚â€â™€ï¸,woman guard
311,U+1F477,ğŸ‘·,construction worker
312,U+1F477 U+200D U+2642 U+FE0F,ğŸ‘·â€â™‚ï¸,man construction worker
313,U+1F477 U+200D U+2640 U+FE0F,ğŸ‘·â€â™€ï¸,woman construction worker
314,U+1F934,ğŸ¤´,prince
315,U+1F478,ğŸ‘¸,princess
316,U+1F473,ğŸ‘³,person wearing turban
317,U+1F473 U+200D U+2642 U+FE0F,ğŸ‘³â€â™‚ï¸,man wearing turban
318,U+1F473 U+200D U+2640 U+FE0F,ğŸ‘³â€â™€ï¸,woman wearing turban
319,U+1F472,ğŸ‘²,person with skullcap
321,U+1F935,ğŸ¤µ,person in tuxedo
322,U+1F470,ğŸ‘°,person with veil
323,U+1F930,ğŸ¤°,pregnant woman
325,U+1F47C,ğŸ‘¼,baby angel
326,U+1F385,ğŸ…,Santa Claus
327,U+1F936,ğŸ¤¶,Mrs. Claus
355,U+1F486,ğŸ’†,person getting massage
356,U+1F486 U+200D U+2642 U+FE0F,ğŸ’†â€â™‚ï¸,man getting massage
357,U+1F486 U+200D U+2640 U+FE0F,ğŸ’†â€â™€ï¸,woman getting massage
358,U+1F487,ğŸ’‡,person getting haircut
359,U+1F487 U+200D U+2642 U+FE0F,ğŸ’‡â€â™‚ï¸,man getting haircut
360,U+1F487 U+200D U+2640 U+FE0F,ğŸ’‡â€â™€ï¸,woman getting haircut
361,U+1F6B6,ğŸš¶,person walking
362,U+1F6B6 U+200D U+2642 U+FE0F,ğŸš¶â€â™‚ï¸,man walking
363,U+1F6B6 U+200D U+2640 U+FE0F,ğŸš¶â€â™€ï¸,woman walking
379,U+1F3C3,ğŸƒ,person running
380,U+1F3C3 U+200D U+2642 U+FE0F,ğŸƒâ€â™‚ï¸,man running
381,U+1F3C3 U+200D U+2640 U+FE0F,ğŸƒâ€â™€ï¸,woman running
382,U+1F483,ğŸ’ƒ,woman dancing
383,U+1F57A,ğŸ•º,man dancing
384,U+1F574,ğŸ•´,person in suit levitating
385,U+1F46F,ğŸ‘¯,people with bunny ears
386,U+1F46F U+200D U+2642 U+FE0F,ğŸ‘¯â€â™‚ï¸,men with bunny ears
387,U+1F46F U+200D U+2640 U+FE0F,ğŸ‘¯â€â™€ï¸,women with bunny ears
394,U+1F93A,ğŸ¤º,person fencing
395,U+1F3C7,ğŸ‡,horse racing
396,U+26F7,â›·,skier
397,U+1F3C2,ğŸ‚,snowboarder
398,U+1F3CC,ğŸŒ,person golfing
399,U+1F3CC U+FE0F U+200D U+2642 U+FE0F,ğŸŒï¸â€â™‚ï¸,man golfing
400,U+1F3CC U+FE0F U+200D U+2640 U+FE0F,ğŸŒï¸â€â™€ï¸,woman golfing
401,U+1F3C4,ğŸ„,person surfing
402,U+1F3C4 U+200D U+2642 U+FE0F,ğŸ„â€â™‚ï¸,man surfing
403,U+1F3C4 U+200D U+2640 U+FE0F,ğŸ„â€â™€ï¸,woman surfing
404,U+1F6A3,ğŸš£,person rowing boat
405,U+1F6A3 U+200D U+2642 U+FE0F,ğŸš£â€â™‚ï¸,man rowing boat
406,U+1F6A3 U+200D U+2640 U+FE0F,ğŸš£â€â™€ï¸,woman rowing boat
407,U+1F3CA,ğŸŠ,person swimming
408,U+1F3CA U+200D U+2642 U+FE0F,ğŸŠâ€â™‚ï¸,man swimming
409,U+1F3CA U+200D U+2640 U+FE0F,ğŸŠâ€â™€ï¸,woman swimming
410,U+26F9,â›¹,person bouncing ball
411,U+26F9 U+FE0F U+200D U+2642 U+FE0F,â›¹ï¸â€â™‚ï¸,man bouncing ball
412,U+26F9 U+FE0F U+200D U+2640 U+FE0F,â›¹ï¸â€â™€ï¸,woman bouncing ball
413,U+1F3CB,ğŸ‹,person lifting weights
414,U+1F3CB U+FE0F U+200D U+2642 U+FE0F,ğŸ‹ï¸â€â™‚ï¸,man lifting weights
415,U+1F3CB U+FE0F U+200D U+2640 U+FE0F,ğŸ‹ï¸â€â™€ï¸,woman lifting weights
416,U+1F6B4,ğŸš´,person biking
417,U+1F6B4 U+200D U+2642 U+FE0F,ğŸš´â€â™‚ï¸,man biking
418,U+1F6B4 U+200D U+2640 U+FE0F,ğŸš´â€â™€ï¸,woman biking
419,U+1F6B5,ğŸšµ,person mountain biking
420,U+1F6B5 U+200D U+2642 U+FE0F,ğŸšµâ€â™‚ï¸,man mountain biking
421,U+1F6B5 U+200D U+2640 U+FE0F,ğŸšµâ€â™€ï¸,woman mountain biking
422,U+1F938,ğŸ¤¸,person cartwheeling
423,U+1F938 U+200D U+2642 U+FE0F,ğŸ¤¸â€â™‚ï¸,man cartwheeling
424,U+1F938 U+200D U+2640 U+FE0F,ğŸ¤¸â€â™€ï¸,woman cartwheeling
425,U+1F93C,ğŸ¤¼,people wrestling
426,U+1F93C U+200D U+2642 U+FE0F,ğŸ¤¼â€â™‚ï¸,men wrestling
427,U+1F93C U+200D U+2640 U+FE0F,ğŸ¤¼â€â™€ï¸,women wrestling
428,U+1F93D,ğŸ¤½,person playing water polo
429,U+1F93D U+200D U+2642 U+FE0F,ğŸ¤½â€â™‚ï¸,man playing water polo
430,U+1F93D U+200D U+2640 U+FE0F,ğŸ¤½â€â™€ï¸,woman playing water polo
431,U+1F93E,ğŸ¤¾,person playing handball
432,U+1F93E U+200D U+2642 U+FE0F,ğŸ¤¾â€â™‚ï¸,man playing handball
433,U+1F93E U+200D U+2640 U+FE0F,ğŸ¤¾â€â™€ï¸,woman playing handball
434,U+1F939,ğŸ¤¹,person juggling
435,U+1F939 U+200D U+2642 U+FE0F,ğŸ¤¹â€â™‚ï¸,man juggling
436,U+1F939 U+200D U+2640 U+FE0F,ğŸ¤¹â€â™€ï¸,woman juggling
440,U+1F6C0,ğŸ›€,person taking bath
441,U+1F6CC,ğŸ›Œ,person in bed
443,U+1F46D,ğŸ‘­,women holding hands
444,U+1F46B,ğŸ‘«,woman and man holding hands
445,U+1F46C,ğŸ‘¬,men holding hands
446,U+1F48F,ğŸ’,kiss
447,U+1F469 U+200D U+2764 U+FE0F U+200D U+1F48B U+200D U+1F468,ğŸ‘©â€â¤ï¸â€ğŸ’‹â€ğŸ‘¨,"kiss: woman, man"
448,U+1F468 U+200D U+2764 U+FE0F U+200D U+1F48B U+200D U+1F468,ğŸ‘¨â€â¤ï¸â€ğŸ’‹â€ğŸ‘¨,"kiss: man, man"
449,U+1F469 U+200D U+2764 U+FE0F U+200D U+1F48B U+200D U+1F469,ğŸ‘©â€â¤ï¸â€ğŸ’‹â€ğŸ‘©,"kiss: woman, woman"
450,U+1F491,ğŸ’‘,couple with heart
451,U+1F469 U+200D U+2764 U+FE0F U+200D U+1F468,ğŸ‘©â€â¤ï¸â€ğŸ‘¨,"couple with heart: woman, man"
452,U+1F468 U+200D U+2764 U+FE0F U+200D U+1F468,ğŸ‘¨â€â¤ï¸â€ğŸ‘¨,"couple with heart: man, man"
453,U+1F469 U+200D U+2764 U+FE0F U+200D U+1F469,ğŸ‘©â€â¤ï¸â€ğŸ‘©,"couple with heart: woman, woman"
454,U+1F46A,ğŸ‘ª,family
455,U+1F468 U+200D U+1F469 U+200D U+1F466,ğŸ‘¨â€ğŸ‘©â€ğŸ‘¦,"family: man, woman, boy"
456,U+1F468 U+200D U+1F469 U+200D U+1F467,ğŸ‘¨â€ğŸ‘©â€ğŸ‘§,"family: man, woman, girl"
457,U+1F468 U+200D U+1F469 U+200D U+1F467 U+200D U+1F466,ğŸ‘¨â€ğŸ‘©â€ğŸ‘§â€ğŸ‘¦,"family: man, woman, girl, boy"
458,U+1F468 U+200D U+1F469 U+200D U+1F466 U+200D U+1F466,ğŸ‘¨â€ğŸ‘©â€ğŸ‘¦â€ğŸ‘¦,"family: man, woman, boy, boy"
459,U+1F468 U+200D U+1F469 U+200D U+1F467 U+200D U+1F467,ğŸ‘¨â€ğŸ‘©â€ğŸ‘§â€ğŸ‘§,"family: man, woman, girl, girl"
460,U+1F468 U+200D U+1F468 U+200D U+1F466,ğŸ‘¨â€ğŸ‘¨â€ğŸ‘¦,"family: man, man, boy"
461,U+1F468 U+200D U+1F468 U+200D U+1F467,ğŸ‘¨â€ğŸ‘¨â€ğŸ‘§,"family: man, man, girl"
462,U+1F468 U+200D U+1F468 U+200D U+1F467 U+200D U+1F466,ğŸ‘¨â€ğŸ‘¨â€ğŸ‘§â€ğŸ‘¦,"family: man, man, girl, boy"
463,U+1F468 U+200D U+1F468 U+200D U+1F466 U+200D U+1F466,ğŸ‘¨â€ğŸ‘¨â€ğŸ‘¦â€ğŸ‘¦,"family: man, man, boy, boy"
464,U+1F468 U+200D U+1F468 U+200D U+1F467 U+200D U+1F467,ğŸ‘¨â€ğŸ‘¨â€ğŸ‘§â€ğŸ‘§,"family: man, man, girl, girl"
465,U+1F469 U+200D U+1F469 U+200D U+1F466,ğŸ‘©â€ğŸ‘©â€ğŸ‘¦,"family: woman, woman, boy"
466,U+1F469 U+200D U+1F469 U+200D U+1F467,ğŸ‘©â€ğŸ‘©â€ğŸ‘§,"family: woman, woman, girl"
467,U+1F469 U+200D U+1F469 U+200D U+1F467 U+200D U+1F466,ğŸ‘©â€ğŸ‘©â€ğŸ‘§â€ğŸ‘¦,"family: woman, woman, girl, boy"
468,U+1F469 U+200D U+1F469 U+200D U+1F466 U+200D U+1F466,ğŸ‘©â€ğŸ‘©â€ğŸ‘¦â€ğŸ‘¦,"family: woman, woman, boy, boy"
469,U+1F469 U+200D U+1F469 U+200D U+1F467 U+200D U+1F467,ğŸ‘©â€ğŸ‘©â€ğŸ‘§â€ğŸ‘§,"family: woman, woman, girl, girl"
470,U+1F468 U+200D U+1F466,ğŸ‘¨â€ğŸ‘¦,"family: man, boy"
471,U+1F468 U+200D U+1F466 U+200D U+1F466,ğŸ‘¨â€ğŸ‘¦â€ğŸ‘¦,"family: man, boy, boy"
472,U+1F468 U+200D U+1F467,ğŸ‘¨â€ğŸ‘§,"family: man, girl"
473,U+1F468 U+200D U+1F467 U+200D U+1F466,ğŸ‘¨â€ğŸ‘§â€ğŸ‘¦,"family: man, girl, boy"
474,U+1F468 U+200D U+1F467 U+200D U+1F467,ğŸ‘¨â€ğŸ‘§â€ğŸ‘§,"family: man, girl, girl"
475,U+1F469 U+200D U+1F466,ğŸ‘©â€ğŸ‘¦,"family: woman, boy"
476,U+1F469 U+200D U+1F466 U+200D U+1F466,ğŸ‘©â€ğŸ‘¦â€ğŸ‘¦,"family: woman, boy, boy"
477,U+1F469 U+200D U+1F467,ğŸ‘©â€ğŸ‘§,"family: woman, girl"
478,U+1F469 U+200D U+1F467 U+200D U+1F466,ğŸ‘©â€ğŸ‘§â€ğŸ‘¦,"family: woman, girl, boy"
479,U+1F469 U+200D U+1F467 U+200D U+1F467,ğŸ‘©â€ğŸ‘§â€ğŸ‘§,"family: woman, girl, girl"
480,U+1F5E3,ğŸ—£,speaking head
481,U+1F464,ğŸ‘¤,bust in silhouette
482,U+1F465,ğŸ‘¥,busts in silhouette
483,U+1F463,ğŸ‘£,footprints
488,U+1F435,ğŸµ,monkey face
489,U+1F412,ğŸ’,monkey
490,U+1F98D,ğŸ¦,gorilla
492,U+1F436,ğŸ¶,dog face
493,U+1F415,ğŸ•,dog
496,U+1F429,ğŸ©,poodle
497,U+1F43A,ğŸº,wolf
498,U+1F98A,ğŸ¦Š,fox
500,U+1F431,ğŸ±,cat face
501,U+1F408,ğŸˆ,cat
502,U+1F981,ğŸ¦,lion
503,U+1F42F,ğŸ¯,tiger face
504,U+1F405,ğŸ…,tiger
505,U+1F406,ğŸ†,leopard
506,U+1F434,ğŸ´,horse face
507,U+1F40E,ğŸ,horse
508,U+1F984,ğŸ¦„,unicorn
510,U+1F98C,ğŸ¦Œ,deer
511,U+1F42E,ğŸ®,cow face
512,U+1F402,ğŸ‚,ox
513,U+1F403,ğŸƒ,water buffalo
514,U+1F404,ğŸ„,cow
515,U+1F437,ğŸ·,pig face
516,U+1F416,ğŸ–,pig
517,U+1F417,ğŸ—,boar
518,U+1F43D,ğŸ½,pig nose
519,U+1F40F,ğŸ,ram
520,U+1F411,ğŸ‘,ewe
521,U+1F410,ğŸ,goat
522,U+1F42A,ğŸª,camel
523,U+1F42B,ğŸ«,two-hump camel
526,U+1F418,ğŸ˜,elephant
527,U+1F98F,ğŸ¦,rhinoceros
529,U+1F42D,ğŸ­,mouse face
530,U+1F401,ğŸ,mouse
531,U+1F400,ğŸ€,rat
532,U+1F439,ğŸ¹,hamster
533,U+1F430,ğŸ°,rabbit face
534,U+1F407,ğŸ‡,rabbit
535,U+1F43F,ğŸ¿,chipmunk
537,U+1F987,ğŸ¦‡,bat
538,U+1F43B,ğŸ»,bear
539,U+1F428,ğŸ¨,koala
540,U+1F43C,ğŸ¼,panda
546,U+1F43E,ğŸ¾,paw prints
547,U+1F983,ğŸ¦ƒ,turkey
548,U+1F414,ğŸ”,chicken
549,U+1F413,ğŸ“,rooster
550,U+1F423,ğŸ£,hatching chick
551,U+1F424,ğŸ¤,baby chick
552,U+1F425,ğŸ¥,front-facing baby chick
553,U+1F426,ğŸ¦,bird
554,U+1F427,ğŸ§,penguin
555,U+1F54A,ğŸ•Š,dove
556,U+1F985,ğŸ¦…,eagle
557,U+1F986,ğŸ¦†,duck
559,U+1F989,ğŸ¦‰,owl
563,U+1F438,ğŸ¸,frog
564,U+1F40A,ğŸŠ,crocodile
565,U+1F422,ğŸ¢,turtle
566,U+1F98E,ğŸ¦,lizard
567,U+1F40D,ğŸ,snake
568,U+1F432,ğŸ²,dragon face
569,U+1F409,ğŸ‰,dragon
572,U+1F433,ğŸ³,spouting whale
573,U+1F40B,ğŸ‹,whale
574,U+1F42C,ğŸ¬,dolphin
575,U+1F41F,ğŸŸ,fish
576,U+1F420,ğŸ ,tropical fish
577,U+1F421,ğŸ¡,blowfish
578,U+1F988,ğŸ¦ˆ,shark
579,U+1F419,ğŸ™,octopus
580,U+1F41A,ğŸš,spiral shell
581,U+1F40C,ğŸŒ,snail
582,U+1F98B,ğŸ¦‹,butterfly
583,U+1F41B,ğŸ›,bug
584,U+1F41C,ğŸœ,ant
585,U+1F41D,ğŸ,honeybee
586,U+1F41E,ğŸ,lady beetle
588,U+1F577,ğŸ•·,spider
589,U+1F578,ğŸ•¸,spider web
590,U+1F982,ğŸ¦‚,scorpion
593,U+1F490,ğŸ’,bouquet
594,U+1F338,ğŸŒ¸,cherry blossom
595,U+1F4AE,ğŸ’®,white flower
596,U+1F3F5,ğŸµ,rosette
597,U+1F339,ğŸŒ¹,rose
598,U+1F940,ğŸ¥€,wilted flower
599,U+1F33A,ğŸŒº,hibiscus
600,U+1F33B,ğŸŒ»,sunflower
601,U+1F33C,ğŸŒ¼,blossom
602,U+1F337,ğŸŒ·,tulip
603,U+1F331,ğŸŒ±,seedling
604,U+1F332,ğŸŒ²,evergreen tree
605,U+1F333,ğŸŒ³,deciduous tree
606,U+1F334,ğŸŒ´,palm tree
607,U+1F335,ğŸŒµ,cactus
608,U+1F33E,ğŸŒ¾,sheaf of rice
609,U+1F33F,ğŸŒ¿,herb
610,U+2618,â˜˜,shamrock
611,U+1F340,ğŸ€,four leaf clover
612,U+1F341,ğŸ,maple leaf
613,U+1F342,ğŸ‚,fallen leaf
614,U+1F343,ğŸƒ,leaf fluttering in wind
615,U+1F347,ğŸ‡,grapes
616,U+1F348,ğŸˆ,melon
617,U+1F349,ğŸ‰,watermelon
618,U+1F34A,ğŸŠ,tangerine
619,U+1F34B,ğŸ‹,lemon
620,U+1F34C,ğŸŒ,banana
621,U+1F34D,ğŸ,pineapple
623,U+1F34E,ğŸ,red apple
624,U+1F34F,ğŸ,green apple
625,U+1F350,ğŸ,pear
626,U+1F351,ğŸ‘,peach
627,U+1F352,ğŸ’,cherries
628,U+1F353,ğŸ“,strawberry
629,U+1F95D,ğŸ¥,kiwi fruit
630,U+1F345,ğŸ…,tomato
632,U+1F951,ğŸ¥‘,avocado
633,U+1F346,ğŸ†,eggplant
634,U+1F954,ğŸ¥”,potato
635,U+1F955,ğŸ¥•,carrot
636,U+1F33D,ğŸŒ½,ear of corn
637,U+1F336,ğŸŒ¶,hot pepper
638,U+1F952,ğŸ¥’,cucumber
643,U+1F344,ğŸ„,mushroom
644,U+1F95C,ğŸ¥œ,peanuts
645,U+1F330,ğŸŒ°,chestnut
646,U+1F35E,ğŸ,bread
647,U+1F950,ğŸ¥,croissant
648,U+1F956,ğŸ¥–,baguette bread
651,U+1F95E,ğŸ¥,pancakes
653,U+1F9C0,ğŸ§€,cheese wedge
654,U+1F356,ğŸ–,meat on bone
655,U+1F357,ğŸ—,poultry leg
657,U+1F953,ğŸ¥“,bacon
658,U+1F354,ğŸ”,hamburger
659,U+1F35F,ğŸŸ,french fries
660,U+1F355,ğŸ•,pizza
661,U+1F32D,ğŸŒ­,hot dog
663,U+1F32E,ğŸŒ®,taco
664,U+1F32F,ğŸŒ¯,burrito
665,U+1F959,ğŸ¥™,stuffed flatbread
667,U+1F95A,ğŸ¥š,egg
668,U+1F373,ğŸ³,cooking
669,U+1F958,ğŸ¥˜,shallow pan of food
670,U+1F372,ğŸ²,pot of food
672,U+1F957,ğŸ¥—,green salad
673,U+1F37F,ğŸ¿,popcorn
677,U+1F371,ğŸ±,bento box
678,U+1F358,ğŸ˜,rice cracker
679,U+1F359,ğŸ™,rice ball
680,U+1F35A,ğŸš,cooked rice
681,U+1F35B,ğŸ›,curry rice
682,U+1F35C,ğŸœ,steaming bowl
683,U+1F35D,ğŸ,spaghetti
684,U+1F360,ğŸ ,roasted sweet potato
685,U+1F362,ğŸ¢,oden
686,U+1F363,ğŸ£,sushi
687,U+1F364,ğŸ¤,fried shrimp
688,U+1F365,ğŸ¥,fish cake with swirl
690,U+1F361,ğŸ¡,dango
694,U+1F980,ğŸ¦€,crab
696,U+1F990,ğŸ¦,shrimp
697,U+1F991,ğŸ¦‘,squid
699,U+1F366,ğŸ¦,soft ice cream
700,U+1F367,ğŸ§,shaved ice
701,U+1F368,ğŸ¨,ice cream
702,U+1F369,ğŸ©,doughnut
703,U+1F36A,ğŸª,cookie
704,U+1F382,ğŸ‚,birthday cake
705,U+1F370,ğŸ°,shortcake
708,U+1F36B,ğŸ«,chocolate bar
709,U+1F36C,ğŸ¬,candy
710,U+1F36D,ğŸ­,lollipop
711,U+1F36E,ğŸ®,custard
712,U+1F36F,ğŸ¯,honey pot
713,U+1F37C,ğŸ¼,baby bottle
714,U+1F95B,ğŸ¥›,glass of milk
715,U+2615,â˜•,hot beverage
716,U+1F375,ğŸµ,teacup without handle
717,U+1F376,ğŸ¶,sake
718,U+1F37E,ğŸ¾,bottle with popping cork
719,U+1F377,ğŸ·,wine glass
720,U+1F378,ğŸ¸,cocktail glass
721,U+1F379,ğŸ¹,tropical drink
722,U+1F37A,ğŸº,beer mug
723,U+1F37B,ğŸ»,clinking beer mugs
724,U+1F942,ğŸ¥‚,clinking glasses
725,U+1F943,ğŸ¥ƒ,tumbler glass
731,U+1F37D,ğŸ½,fork and knife with plate
732,U+1F374,ğŸ´,fork and knife
733,U+1F944,ğŸ¥„,spoon
734,U+1F52A,ğŸ”ª,kitchen knife
735,U+1F3FA,ğŸº,amphora
736,U+1F30D,ğŸŒ,globe showing Europe-Africa
737,U+1F30E,ğŸŒ,globe showing Americas
738,U+1F30F,ğŸŒ,globe showing Asia-Australia
739,U+1F310,ğŸŒ,globe with meridians
740,U+1F5FA,ğŸ—º,world map
741,U+1F5FE,ğŸ—¾,map of Japan
743,U+1F3D4,ğŸ”,snow-capped mountain
744,U+26F0,â›°,mountain
745,U+1F30B,ğŸŒ‹,volcano
746,U+1F5FB,ğŸ—»,mount fuji
747,U+1F3D5,ğŸ•,camping
748,U+1F3D6,ğŸ–,beach with umbrella
749,U+1F3DC,ğŸœ,desert
750,U+1F3DD,ğŸ,desert island
751,U+1F3DE,ğŸ,national park
752,U+1F3DF,ğŸŸ,stadium
753,U+1F3DB,ğŸ›,classical building
754,U+1F3D7,ğŸ—,building construction
756,U+1F3D8,ğŸ˜,houses
757,U+1F3DA,ğŸš,derelict house
758,U+1F3E0,ğŸ ,house
759,U+1F3E1,ğŸ¡,house with garden
760,U+1F3E2,ğŸ¢,office building
761,U+1F3E3,ğŸ£,Japanese post office
762,U+1F3E4,ğŸ¤,post office
763,U+1F3E5,ğŸ¥,hospital
764,U+1F3E6,ğŸ¦,bank
765,U+1F3E8,ğŸ¨,hotel
766,U+1F3E9,ğŸ©,love hotel
767,U+1F3EA,ğŸª,convenience store
768,U+1F3EB,ğŸ«,school
769,U+1F3EC,ğŸ¬,department store
770,U+1F3ED,ğŸ­,factory
771,U+1F3EF,ğŸ¯,Japanese castle
772,U+1F3F0,ğŸ°,castle
773,U+1F492,ğŸ’’,wedding
774,U+1F5FC,ğŸ—¼,Tokyo tower
775,U+1F5FD,ğŸ—½,Statue of Liberty
776,U+26EA,â›ª,church
777,U+1F54C,ğŸ•Œ,mosque
779,U+1F54D,ğŸ•,synagogue
780,U+26E9,â›©,shinto shrine
781,U+1F54B,ğŸ•‹,kaaba
782,U+26F2,â›²,fountain
783,U+26FA,â›º,tent
784,U+1F301,ğŸŒ,foggy
785,U+1F303,ğŸŒƒ,night with stars
786,U+1F3D9,ğŸ™,cityscape
787,U+1F304,ğŸŒ„,sunrise over mountains
788,U+1F305,ğŸŒ…,sunrise
789,U+1F306,ğŸŒ†,cityscape at dusk
790,U+1F307,ğŸŒ‡,sunset
791,U+1F309,ğŸŒ‰,bridge at night
792,U+2668,â™¨,hot springs
793,U+1F3A0,ğŸ ,carousel horse
794,U+1F3A1,ğŸ¡,ferris wheel
795,U+1F3A2,ğŸ¢,roller coaster
796,U+1F488,ğŸ’ˆ,barber pole
797,U+1F3AA,ğŸª,circus tent
798,U+1F682,ğŸš‚,locomotive
799,U+1F683,ğŸšƒ,railway car
800,U+1F684,ğŸš„,high-speed train
801,U+1F685,ğŸš…,bullet train
802,U+1F686,ğŸš†,train
803,U+1F687,ğŸš‡,metro
804,U+1F688,ğŸšˆ,light rail
805,U+1F689,ğŸš‰,station
806,U+1F68A,ğŸšŠ,tram
807,U+1F69D,ğŸš,monorail
808,U+1F69E,ğŸš,mountain railway
809,U+1F68B,ğŸš‹,tram car
810,U+1F68C,ğŸšŒ,bus
811,U+1F68D,ğŸš,oncoming bus
812,U+1F68E,ğŸš,trolleybus
813,U+1F690,ğŸš,minibus
814,U+1F691,ğŸš‘,ambulance
815,U+1F692,ğŸš’,fire engine
816,U+1F693,ğŸš“,police car
817,U+1F694,ğŸš”,oncoming police car
818,U+1F695,ğŸš•,taxi
819,U+1F696,ğŸš–,oncoming taxi
820,U+1F697,ğŸš—,automobile
821,U+1F698,ğŸš˜,oncoming automobile
822,U+1F699,ğŸš™,sport utility vehicle
823,U+1F69A,ğŸšš,delivery truck
824,U+1F69B,ğŸš›,articulated lorry
825,U+1F69C,ğŸšœ,tractor
826,U+1F3CE,ğŸ,racing car
827,U+1F3CD,ğŸ,motorcycle
828,U+1F6F5,ğŸ›µ,motor scooter
832,U+1F6B2,ğŸš²,bicycle
833,U+1F6F4,ğŸ›´,kick scooter
835,U+1F68F,ğŸš,bus stop
836,U+1F6E3,ğŸ›£,motorway
837,U+1F6E4,ğŸ›¤,railway track
838,U+1F6E2,ğŸ›¢,oil drum
839,U+26FD,â›½,fuel pump
840,U+1F6A8,ğŸš¨,police car light
841,U+1F6A5,ğŸš¥,horizontal traffic light
842,U+1F6A6,ğŸš¦,vertical traffic light
843,U+1F6D1,ğŸ›‘,stop sign
844,U+1F6A7,ğŸš§,construction
845,U+2693,âš“,anchor
846,U+26F5,â›µ,sailboat
847,U+1F6F6,ğŸ›¶,canoe
848,U+1F6A4,ğŸš¤,speedboat
849,U+1F6F3,ğŸ›³,passenger ship
850,U+26F4,â›´,ferry
851,U+1F6E5,ğŸ›¥,motor boat
852,U+1F6A2,ğŸš¢,ship
853,U+2708,âœˆ,airplane
854,U+1F6E9,ğŸ›©,small airplane
855,U+1F6EB,ğŸ›«,airplane departure
856,U+1F6EC,ğŸ›¬,airplane arrival
858,U+1F4BA,ğŸ’º,seat
859,U+1F681,ğŸš,helicopter
860,U+1F69F,ğŸšŸ,suspension railway
861,U+1F6A0,ğŸš ,mountain cableway
862,U+1F6A1,ğŸš¡,aerial tramway
863,U+1F6F0,ğŸ›°,satellite
864,U+1F680,ğŸš€,rocket
866,U+1F6CE,ğŸ›,bellhop bell
868,U+231B,âŒ›,hourglass done
869,U+23F3,â³,hourglass not done
870,U+231A,âŒš,watch
871,U+23F0,â°,alarm clock
872,U+23F1,â±,stopwatch
873,U+23F2,â²,timer clock
874,U+1F570,ğŸ•°,mantelpiece clock
875,U+1F55B,ğŸ•›,twelve oâ€™clock
876,U+1F567,ğŸ•§,twelve-thirty
877,U+1F550,ğŸ•,one oâ€™clock
878,U+1F55C,ğŸ•œ,one-thirty
879,U+1F551,ğŸ•‘,two oâ€™clock
880,U+1F55D,ğŸ•,two-thirty
881,U+1F552,ğŸ•’,three oâ€™clock
882,U+1F55E,ğŸ•,three-thirty
883,U+1F553,ğŸ•“,four oâ€™clock
884,U+1F55F,ğŸ•Ÿ,four-thirty
885,U+1F554,ğŸ•”,five oâ€™clock
886,U+1F560,ğŸ• ,five-thirty
887,U+1F555,ğŸ••,six oâ€™clock
888,U+1F561,ğŸ•¡,six-thirty
889,U+1F556,ğŸ•–,seven oâ€™clock
890,U+1F562,ğŸ•¢,seven-thirty
891,U+1F557,ğŸ•—,eight oâ€™clock
892,U+1F563,ğŸ•£,eight-thirty
893,U+1F558,ğŸ•˜,nine oâ€™clock
894,U+1F564,ğŸ•¤,nine-thirty
895,U+1F559,ğŸ•™,ten oâ€™clock
896,U+1F565,ğŸ•¥,ten-thirty
897,U+1F55A,ğŸ•š,eleven oâ€™clock
898,U+1F566,ğŸ•¦,eleven-thirty
899,U+1F311,ğŸŒ‘,new moon
900,U+1F312,ğŸŒ’,waxing crescent moon
901,U+1F313,ğŸŒ“,first quarter moon
902,U+1F314,ğŸŒ”,waxing gibbous moon
903,U+1F315,ğŸŒ•,full moon
904,U+1F316,ğŸŒ–,waning gibbous moon
905,U+1F317,ğŸŒ—,last quarter moon
906,U+1F318,ğŸŒ˜,waning crescent moon
907,U+1F319,ğŸŒ™,crescent moon
908,U+1F31A,ğŸŒš,new moon face
909,U+1F31B,ğŸŒ›,first quarter moon face
910,U+1F31C,ğŸŒœ,last quarter moon face
911,U+1F321,ğŸŒ¡,thermometer
912,U+2600,â˜€,sun
913,U+1F31D,ğŸŒ,full moon face
914,U+1F31E,ğŸŒ,sun with face
916,U+2B50,â­,star
917,U+1F31F,ğŸŒŸ,glowing star
918,U+1F320,ğŸŒ ,shooting star
919,U+1F30C,ğŸŒŒ,milky way
920,U+2601,â˜,cloud
921,U+26C5,â›…,sun behind cloud
922,U+26C8,â›ˆ,cloud with lightning and rain
923,U+1F324,ğŸŒ¤,sun behind small cloud
924,U+1F325,ğŸŒ¥,sun behind large cloud
925,U+1F326,ğŸŒ¦,sun behind rain cloud
926,U+1F327,ğŸŒ§,cloud with rain
927,U+1F328,ğŸŒ¨,cloud with snow
928,U+1F329,ğŸŒ©,cloud with lightning
929,U+1F32A,ğŸŒª,tornado
930,U+1F32B,ğŸŒ«,fog
931,U+1F32C,ğŸŒ¬,wind face
932,U+1F300,ğŸŒ€,cyclone
933,U+1F308,ğŸŒˆ,rainbow
934,U+1F302,ğŸŒ‚,closed umbrella
935,U+2602,â˜‚,umbrella
936,U+2614,â˜”,umbrella with rain drops
937,U+26F1,â›±,umbrella on ground
938,U+26A1,âš¡,high voltage
939,U+2744,â„,snowflake
940,U+2603,â˜ƒ,snowman
941,U+26C4,â›„,snowman without snow
942,U+2604,â˜„,comet
943,U+1F525,ğŸ”¥,fire
944,U+1F4A7,ğŸ’§,droplet
945,U+1F30A,ğŸŒŠ,water wave
946,U+1F383,ğŸƒ,jack-o-lantern
947,U+1F384,ğŸ„,Christmas tree
948,U+1F386,ğŸ†,fireworks
949,U+1F387,ğŸ‡,sparkler
951,U+2728,âœ¨,sparkles
952,U+1F388,ğŸˆ,balloon
953,U+1F389,ğŸ‰,party popper
954,U+1F38A,ğŸŠ,confetti ball
955,U+1F38B,ğŸ‹,tanabata tree
956,U+1F38D,ğŸ,pine decoration
957,U+1F38E,ğŸ,Japanese dolls
958,U+1F38F,ğŸ,carp streamer
959,U+1F390,ğŸ,wind chime
960,U+1F391,ğŸ‘,moon viewing ceremony
962,U+1F380,ğŸ€,ribbon
963,U+1F381,ğŸ,wrapped gift
964,U+1F397,ğŸ—,reminder ribbon
965,U+1F39F,ğŸŸ,admission tickets
966,U+1F3AB,ğŸ«,ticket
967,U+1F396,ğŸ–,military medal
968,U+1F3C6,ğŸ†,trophy
969,U+1F3C5,ğŸ…,sports medal
970,U+1F947,ğŸ¥‡,1st place medal
971,U+1F948,ğŸ¥ˆ,2nd place medal
972,U+1F949,ğŸ¥‰,3rd place medal
973,U+26BD,âš½,soccer ball
974,U+26BE,âš¾,baseball
976,U+1F3C0,ğŸ€,basketball
977,U+1F3D0,ğŸ,volleyball
978,U+1F3C8,ğŸˆ,american football
979,U+1F3C9,ğŸ‰,rugby football
980,U+1F3BE,ğŸ¾,tennis
982,U+1F3B3,ğŸ³,bowling
983,U+1F3CF,ğŸ,cricket game
984,U+1F3D1,ğŸ‘,field hockey
985,U+1F3D2,ğŸ’,ice hockey
987,U+1F3D3,ğŸ“,ping pong
988,U+1F3F8,ğŸ¸,badminton
989,U+1F94A,ğŸ¥Š,boxing glove
990,U+1F94B,ğŸ¥‹,martial arts uniform
991,U+1F945,ğŸ¥…,goal net
992,U+26F3,â›³,flag in hole
993,U+26F8,â›¸,ice skate
994,U+1F3A3,ğŸ£,fishing pole
996,U+1F3BD,ğŸ½,running shirt
997,U+1F3BF,ğŸ¿,skis
1000,U+1F3AF,ğŸ¯,direct hit
1003,U+1F3B1,ğŸ±,pool 8 ball
1004,U+1F52E,ğŸ”®,crystal ball
1006,U+1F3AE,ğŸ®,video game
1007,U+1F579,ğŸ•¹,joystick
1008,U+1F3B0,ğŸ°,slot machine
1009,U+1F3B2,ğŸ²,game die
1012,U+2660,â™ ,spade suit
1013,U+2665,â™¥,heart suit
1014,U+2666,â™¦,diamond suit
1015,U+2663,â™£,club suit
1016,U+265F,â™Ÿ,chess pawn
1017,U+1F0CF,ğŸƒ,joker
1018,U+1F004,ğŸ€„,mahjong red dragon
1019,U+1F3B4,ğŸ´,flower playing cards
1020,U+1F3AD,ğŸ­,performing arts
1021,U+1F5BC,ğŸ–¼,framed picture
1022,U+1F3A8,ğŸ¨,artist palette
1025,U+1F453,ğŸ‘“,glasses
1026,U+1F576,ğŸ•¶,sunglasses
1030,U+1F454,ğŸ‘”,necktie
1031,U+1F455,ğŸ‘•,t-shirt
1032,U+1F456,ğŸ‘–,jeans
1037,U+1F457,ğŸ‘—,dress
1038,U+1F458,ğŸ‘˜,kimono
1043,U+1F459,ğŸ‘™,bikini
1044,U+1F45A,ğŸ‘š,womanâ€™s clothes
1045,U+1F45B,ğŸ‘›,purse
1046,U+1F45C,ğŸ‘œ,handbag
1047,U+1F45D,ğŸ‘,clutch bag
1048,U+1F6CD,ğŸ›,shopping bags
1049,U+1F392,ğŸ’,backpack
1050,U+1F45E,ğŸ‘,manâ€™s shoe
1051,U+1F45F,ğŸ‘Ÿ,running shoe
1054,U+1F460,ğŸ‘ ,high-heeled shoe
1055,U+1F461,ğŸ‘¡,womanâ€™s sandal
1057,U+1F462,ğŸ‘¢,womanâ€™s boot
1058,U+1F451,ğŸ‘‘,crown
1059,U+1F452,ğŸ‘’,womanâ€™s hat
1060,U+1F3A9,ğŸ©,top hat
1061,U+1F393,ğŸ“,graduation cap
1063,U+26D1,â›‘,rescue workerâ€™s helmet
1064,U+1F4FF,ğŸ“¿,prayer beads
1065,U+1F484,ğŸ’„,lipstick
1066,U+1F48D,ğŸ’,ring
1067,U+1F48E,ğŸ’,gem stone
1068,U+1F507,ğŸ”‡,muted speaker
1069,U+1F508,ğŸ”ˆ,speaker low volume
1070,U+1F509,ğŸ”‰,speaker medium volume
1071,U+1F50A,ğŸ”Š,speaker high volume
1072,U+1F4E2,ğŸ“¢,loudspeaker
1073,U+1F4E3,ğŸ“£,megaphone
1074,U+1F4EF,ğŸ“¯,postal horn
1075,U+1F514,ğŸ””,bell
1076,U+1F515,ğŸ”•,bell with slash
1077,U+1F3BC,ğŸ¼,musical score
1078,U+1F3B5,ğŸµ,musical note
1079,U+1F3B6,ğŸ¶,musical notes
1080,U+1F399,ğŸ™,studio microphone
1081,U+1F39A,ğŸš,level slider
1082,U+1F39B,ğŸ›,control knobs
1083,U+1F3A4,ğŸ¤,microphone
1084,U+1F3A7,ğŸ§,headphone
1085,U+1F4FB,ğŸ“»,radio
1086,U+1F3B7,ğŸ·,saxophone
1087,U+1F3B8,ğŸ¸,guitar
1088,U+1F3B9,ğŸ¹,musical keyboard
1089,U+1F3BA,ğŸº,trumpet
1090,U+1F3BB,ğŸ»,violin
1092,U+1F941,ğŸ¥,drum
1093,U+1F4F1,ğŸ“±,mobile phone
1094,U+1F4F2,ğŸ“²,mobile phone with arrow
1095,U+260E,â˜,telephone
1096,U+1F4DE,ğŸ“,telephone receiver
1097,U+1F4DF,ğŸ“Ÿ,pager
1098,U+1F4E0,ğŸ“ ,fax machine
1099,U+1F50B,ğŸ”‹,battery
1100,U+1F50C,ğŸ”Œ,electric plug
1101,U+1F4BB,ğŸ’»,laptop
1102,U+1F5A5,ğŸ–¥,desktop computer
1103,U+1F5A8,ğŸ–¨,printer
1104,U+2328,âŒ¨,keyboard
1105,U+1F5B1,ğŸ–±,computer mouse
1106,U+1F5B2,ğŸ–²,trackball
1107,U+1F4BD,ğŸ’½,computer disk
1108,U+1F4BE,ğŸ’¾,floppy disk
1109,U+1F4BF,ğŸ’¿,optical disk
1110,U+1F4C0,ğŸ“€,dvd
1112,U+1F3A5,ğŸ¥,movie camera
1113,U+1F39E,ğŸ,film frames
1114,U+1F4FD,ğŸ“½,film projector
1115,U+1F3AC,ğŸ¬,clapper board
1116,U+1F4FA,ğŸ“º,television
1117,U+1F4F7,ğŸ“·,camera
1118,U+1F4F8,ğŸ“¸,camera with flash
1119,U+1F4F9,ğŸ“¹,video camera
1120,U+1F4FC,ğŸ“¼,videocassette
1121,U+1F50D,ğŸ”,magnifying glass tilted left
1122,U+1F50E,ğŸ”,magnifying glass tilted right
1123,U+1F56F,ğŸ•¯,candle
1124,U+1F4A1,ğŸ’¡,light bulb
1125,U+1F526,ğŸ”¦,flashlight
1126,U+1F3EE,ğŸ®,red paper lantern
1128,U+1F4D4,ğŸ“”,notebook with decorative cover
1129,U+1F4D5,ğŸ“•,closed book
1130,U+1F4D6,ğŸ“–,open book
1131,U+1F4D7,ğŸ“—,green book
1132,U+1F4D8,ğŸ“˜,blue book
1133,U+1F4D9,ğŸ“™,orange book
1134,U+1F4DA,ğŸ“š,books
1135,U+1F4D3,ğŸ““,notebook
1136,U+1F4D2,ğŸ“’,ledger
1137,U+1F4C3,ğŸ“ƒ,page with curl
1138,U+1F4DC,ğŸ“œ,scroll
1139,U+1F4C4,ğŸ“„,page facing up
1140,U+1F4F0,ğŸ“°,newspaper
1141,U+1F5DE,ğŸ—,rolled-up newspaper
1142,U+1F4D1,ğŸ“‘,bookmark tabs
1143,U+1F516,ğŸ”–,bookmark
1144,U+1F3F7,ğŸ·,label
1145,U+1F4B0,ğŸ’°,money bag
1146,U+1F4B4,ğŸ’´,yen banknote
1147,U+1F4B5,ğŸ’µ,dollar banknote
1148,U+1F4B6,ğŸ’¶,euro banknote
1149,U+1F4B7,ğŸ’·,pound banknote
1150,U+1F4B8,ğŸ’¸,money with wings
1151,U+1F4B3,ğŸ’³,credit card
1153,U+1F4B9,ğŸ’¹,chart increasing with yen
1154,U+2709,âœ‰,envelope
1155,U+1F4E7,ğŸ“§,e-mail
1156,U+1F4E8,ğŸ“¨,incoming envelope
1157,U+1F4E9,ğŸ“©,envelope with arrow
1158,U+1F4E4,ğŸ“¤,outbox tray
1159,U+1F4E5,ğŸ“¥,inbox tray
1160,U+1F4E6,ğŸ“¦,package
1161,U+1F4EB,ğŸ“«,closed mailbox with raised flag
1162,U+1F4EA,ğŸ“ª,closed mailbox with lowered flag
1163,U+1F4EC,ğŸ“¬,open mailbox with raised flag
1164,U+1F4ED,ğŸ“­,open mailbox with lowered flag
1165,U+1F4EE,ğŸ“®,postbox
1166,U+1F5F3,ğŸ—³,ballot box with ballot
1167,U+270F,âœ,pencil
1168,U+2712,âœ’,black nib
1169,U+1F58B,ğŸ–‹,fountain pen
1170,U+1F58A,ğŸ–Š,pen
1171,U+1F58C,ğŸ–Œ,paintbrush
1172,U+1F58D,ğŸ–,crayon
1173,U+1F4DD,ğŸ“,memo
1174,U+1F4BC,ğŸ’¼,briefcase
1175,U+1F4C1,ğŸ“,file folder
1176,U+1F4C2,ğŸ“‚,open file folder
1177,U+1F5C2,ğŸ—‚,card index dividers
1178,U+1F4C5,ğŸ“…,calendar
1179,U+1F4C6,ğŸ“†,tear-off calendar
1180,U+1F5D2,ğŸ—’,spiral notepad
1181,U+1F5D3,ğŸ—“,spiral calendar
1182,U+1F4C7,ğŸ“‡,card index
1183,U+1F4C8,ğŸ“ˆ,chart increasing
1184,U+1F4C9,ğŸ“‰,chart decreasing
1185,U+1F4CA,ğŸ“Š,bar chart
1186,U+1F4CB,ğŸ“‹,clipboard
1187,U+1F4CC,ğŸ“Œ,pushpin
1188,U+1F4CD,ğŸ“,round pushpin
1189,U+1F4CE,ğŸ“,paperclip
1190,U+1F587,ğŸ–‡,linked paperclips
1191,U+1F4CF,ğŸ“,straight ruler
1192,U+1F4D0,ğŸ“,triangular ruler
1193,U+2702,âœ‚,scissors
1194,U+1F5C3,ğŸ—ƒ,card file box
1195,U+1F5C4,ğŸ—„,file cabinet
1196,U+1F5D1,ğŸ—‘,wastebasket
1197,U+1F512,ğŸ”’,locked
1198,U+1F513,ğŸ”“,unlocked
1199,U+1F50F,ğŸ”,locked with pen
1200,U+1F510,ğŸ”,locked with key
1201,U+1F511,ğŸ”‘,key
1202,U+1F5DD,ğŸ—,old key
1203,U+1F528,ğŸ”¨,hammer
1205,U+26CF,â›,pick
1206,U+2692,âš’,hammer and pick
1207,U+1F6E0,ğŸ› ,hammer and wrench
1208,U+1F5E1,ğŸ—¡,dagger
1209,U+2694,âš”,crossed swords
1210,U+1F52B,ğŸ”«,pistol
1211,U+1F3F9,ğŸ¹,bow and arrow
1212,U+1F6E1,ğŸ›¡,shield
1213,U+1F527,ğŸ”§,wrench
1214,U+1F529,ğŸ”©,nut and bolt
1215,U+2699,âš™,gear
1216,U+1F5DC,ğŸ—œ,clamp
1217,U+2696,âš–,balance scale
1219,U+1F517,ğŸ”—,link
1220,U+26D3,â›“,chains
1223,U+2697,âš—,alembic
1227,U+1F52C,ğŸ”¬,microscope
1228,U+1F52D,ğŸ”­,telescope
1229,U+1F4E1,ğŸ“¡,satellite antenna
1230,U+1F489,ğŸ’‰,syringe
1232,U+1F48A,ğŸ’Š,pill
1235,U+1F6AA,ğŸšª,door
1236,U+1F6CF,ğŸ›,bed
1237,U+1F6CB,ğŸ›‹,couch and lamp
1239,U+1F6BD,ğŸš½,toilet
1240,U+1F6BF,ğŸš¿,shower
1241,U+1F6C1,ğŸ›,bathtub
1251,U+1F6D2,ğŸ›’,shopping cart
1252,U+1F6AC,ğŸš¬,cigarette
1253,U+26B0,âš°,coffin
1254,U+26B1,âš±,funeral urn
1255,U+1F5FF,ğŸ—¿,moai
1256,U+1F3E7,ğŸ§,ATM sign
1257,U+1F6AE,ğŸš®,litter in bin sign
1258,U+1F6B0,ğŸš°,potable water
1259,U+267F,â™¿,wheelchair symbol
1260,U+1F6B9,ğŸš¹,menâ€™s room
1261,U+1F6BA,ğŸšº,womenâ€™s room
1262,U+1F6BB,ğŸš»,restroom
1263,U+1F6BC,ğŸš¼,baby symbol
1264,U+1F6BE,ğŸš¾,water closet
1265,U+1F6C2,ğŸ›‚,passport control
1266,U+1F6C3,ğŸ›ƒ,customs
1267,U+1F6C4,ğŸ›„,baggage claim
1268,U+1F6C5,ğŸ›…,left luggage
1269,U+26A0,âš ,warning
1270,U+1F6B8,ğŸš¸,children crossing
1271,U+26D4,â›”,no entry
1272,U+1F6AB,ğŸš«,prohibited
1273,U+1F6B3,ğŸš³,no bicycles
1274,U+1F6AD,ğŸš­,no smoking
1275,U+1F6AF,ğŸš¯,no littering
1276,U+1F6B1,ğŸš±,non-potable water
1277,U+1F6B7,ğŸš·,no pedestrians
1278,U+1F4F5,ğŸ“µ,no mobile phones
1279,U+1F51E,ğŸ”,no one under eighteen
1280,U+2622,â˜¢,radioactive
1281,U+2623,â˜£,biohazard
1282,U+2B06,â¬†,up arrow
1283,U+2197,â†—,up-right arrow
1284,U+27A1,â¡,right arrow
1285,U+2198,â†˜,down-right arrow
1286,U+2B07,â¬‡,down arrow
1287,U+2199,â†™,down-left arrow
1288,U+2B05,â¬…,left arrow
1289,U+2196,â†–,up-left arrow
1290,U+2195,â†•,up-down arrow
1291,U+2194,â†”,left-right arrow
1292,U+21A9,â†©,right arrow curving left
1293,U+21AA,â†ª,left arrow curving right
1294,U+2934,â¤´,right arrow curving up
1295,U+2935,â¤µ,right arrow curving down
1296,U+1F503,ğŸ”ƒ,clockwise vertical arrows
1297,U+1F504,ğŸ”„,counterclockwise arrows button
1298,U+1F519,ğŸ”™,BACK arrow
1299,U+1F51A,ğŸ”š,END arrow
1300,U+1F51B,ğŸ”›,ON! arrow
1301,U+1F51C,ğŸ”œ,SOON arrow
1302,U+1F51D,ğŸ”,TOP arrow
1303,U+1F6D0,ğŸ›,place of worship
1304,U+269B,âš›,atom symbol
1305,U+1F549,ğŸ•‰,om
1306,U+2721,âœ¡,star of David
1307,U+2638,â˜¸,wheel of dharma
1308,U+262F,â˜¯,yin yang
1309,U+271D,âœ,latin cross
1310,U+2626,â˜¦,orthodox cross
1311,U+262A,â˜ª,star and crescent
1312,U+262E,â˜®,peace symbol
1313,U+1F54E,ğŸ•,menorah
1314,U+1F52F,ğŸ”¯,dotted six-pointed star
1315,U+2648,â™ˆ,Aries
1316,U+2649,â™‰,Taurus
1317,U+264A,â™Š,Gemini
1318,U+264B,â™‹,Cancer
1319,U+264C,â™Œ,Leo
1320,U+264D,â™,Virgo
1321,U+264E,â™,Libra
1322,U+264F,â™,Scorpio
1323,U+2650,â™,Sagittarius
1324,U+2651,â™‘,Capricorn
1325,U+2652,â™’,Aquarius
1326,U+2653,â™“,Pisces
1327,U+26CE,â›,Ophiuchus
1328,U+1F500,ğŸ”€,shuffle tracks button
1329,U+1F501,ğŸ”,repeat button
1330,U+1F502,ğŸ”‚,repeat single button
1331,U+25B6,â–¶,play button
1332,U+23E9,â©,fast-forward button
1333,U+23ED,â­,next track button
1334,U+23EF,â¯,play or pause button
1335,U+25C0,â—€,reverse button
1336,U+23EA,âª,fast reverse button
1337,U+23EE,â®,last track button
1338,U+1F53C,ğŸ”¼,upwards button
1339,U+23EB,â«,fast up button
1340,U+1F53D,ğŸ”½,downwards button
1341,U+23EC,â¬,fast down button
1342,U+23F8,â¸,pause button
1343,U+23F9,â¹,stop button
1344,U+23FA,âº,record button
1345,U+23CF,â,eject button
1346,U+1F3A6,ğŸ¦,cinema
1347,U+1F505,ğŸ”…,dim button
1348,U+1F506,ğŸ”†,bright button
1349,U+1F4F6,ğŸ“¶,antenna bars
1350,U+1F4F3,ğŸ“³,vibration mode
1351,U+1F4F4,ğŸ“´,mobile phone off
1352,U+2640,â™€,female sign
1353,U+2642,â™‚,male sign
1354,U+2716,âœ–,multiply
1355,U+2795,â•,plus
1356,U+2796,â–,minus
1357,U+2797,â—,divide
1358,U+267E,â™¾,infinity
1359,U+203C,â€¼,double exclamation mark
1360,U+2049,â‰,exclamation question mark
1361,U+2753,â“,question mark
1362,U+2754,â”,white question mark
1363,U+2755,â•,white exclamation mark
1364,U+2757,â—,exclamation mark
1365,U+3030,ã€°,wavy dash
1366,U+1F4B1,ğŸ’±,currency exchange
1367,U+1F4B2,ğŸ’²,heavy dollar sign
1368,U+2695,âš•,medical symbol
1369,U+267B,â™»,recycling symbol
1370,U+269C,âšœ,fleur-de-lis
1371,U+1F531,ğŸ”±,trident emblem
1372,U+1F4DB,ğŸ“›,name badge
1373,U+1F530,ğŸ”°,Japanese symbol for beginner
1374,U+2B55,â­•,hollow red circle
1375,U+2705,âœ…,check mark button
1376,U+2611,â˜‘,check box with check
1377,U+2714,âœ”,check mark
1378,U+274C,âŒ,cross mark
1379,U+274E,â,cross mark button
1380,U+27B0,â°,curly loop
1381,U+27BF,â¿,double curly loop
1382,U+303D,ã€½,part alternation mark
1383,U+2733,âœ³,eight-spoked asterisk
1384,U+2734,âœ´,eight-pointed star
1385,U+2747,â‡,sparkle
1386,U+00A9,Â©,copyright
1387,U+00AE,Â®,registered
1388,U+2122,â„¢,trade mark
1389,U+0023 U+FE0F U+20E3,#ï¸âƒ£,keycap: #
1390,U+002A U+FE0F U+20E3,*ï¸âƒ£,keycap: *
1391,U+0030 U+FE0F U+20E3,0ï¸âƒ£,keycap: 0
1392,U+0031 U+FE0F U+20E3,1ï¸âƒ£,keycap: 1
1393,U+0032 U+FE0F U+20E3,2ï¸âƒ£,keycap: 2
1394,U+0033 U+FE0F U+20E3,3ï¸âƒ£,keycap: 3
1395,U+0034 U+FE0F U+20E3,4ï¸âƒ£,keycap: 4
1396,U+0035 U+FE0F U+20E3,5ï¸âƒ£,keycap: 5
1397,U+0036 U+FE0F U+20E3,6ï¸âƒ£,keycap: 6
1398,U+0037 U+FE0F U+20E3,7ï¸âƒ£,keycap: 7
1399,U+0038 U+FE0F U+20E3,8ï¸âƒ£,keycap: 8
1400,U+0039 U+FE0F U+20E3,9ï¸âƒ£,keycap: 9
1401,U+1F51F,ğŸ”Ÿ,keycap: 10
1402,U+1F520,ğŸ” ,input latin uppercase
1403,U+1F521,ğŸ”¡,input latin lowercase
1404,U+1F522,ğŸ”¢,input numbers
1405,U+1F523,ğŸ”£,input symbols
1406,U+1F524,ğŸ”¤,input latin letters
1407,U+1F170,ğŸ…°,A button (blood type)
1408,U+1F18E,ğŸ†,AB button (blood type)
1409,U+1F171,ğŸ…±,B button (blood type)
1410,U+1F191,ğŸ†‘,CL button
1411,U+1F192,ğŸ†’,COOL button
1412,U+1F193,ğŸ†“,FREE button
1413,U+2139,â„¹,information
1414,U+1F194,ğŸ†”,ID button
1415,U+24C2,â“‚,circled M
1416,U+1F195,ğŸ†•,NEW button
1417,U+1F196,ğŸ†–,NG button
1418,U+1F17E,ğŸ…¾,O button (blood type)
1419,U+1F197,ğŸ†—,OK button
1420,U+1F17F,ğŸ…¿,P button
1421,U+1F198,ğŸ†˜,SOS button
1422,U+1F199,ğŸ†™,UP! button
1423,U+1F19A,ğŸ†š,VS button
1424,U+1F201,ğŸˆ,Japanese â€œhereâ€ button
1425,U+1F202,ğŸˆ‚,Japanese â€œservice chargeâ€ button
1426,U+1F237,ğŸˆ·,Japanese â€œmonthly amountâ€ button
1427,U+1F236,ğŸˆ¶,Japanese â€œnot free of chargeâ€ button
1428,U+1F22F,ğŸˆ¯,Japanese â€œreservedâ€ button
1429,U+1F250,ğŸ‰,Japanese â€œbargainâ€ button
1430,U+1F239,ğŸˆ¹,Japanese â€œdiscountâ€ button
1431,U+1F21A,ğŸˆš,Japanese â€œfree of chargeâ€ button
1432,U+1F232,ğŸˆ²,Japanese â€œprohibitedâ€ button
1433,U+1F251,ğŸ‰‘,Japanese â€œacceptableâ€ button
1434,U+1F238,ğŸˆ¸,Japanese â€œapplicationâ€ button
1435,U+1F234,ğŸˆ´,Japanese â€œpassing gradeâ€ button
1436,U+1F233,ğŸˆ³,Japanese â€œvacancyâ€ button
1437,U+3297,ãŠ—,Japanese â€œcongratulationsâ€ button
1438,U+3299,ãŠ™,Japanese â€œsecretâ€ button
1439,U+1F23A,ğŸˆº,Japanese â€œopen for businessâ€ button
1440,U+1F235,ğŸˆµ,Japanese â€œno vacancyâ€ button
1441,U+1F534,ğŸ”´,red circle
1445,U+1F535,ğŸ”µ,blue circle
1448,U+26AB,âš«,black circle
1449,U+26AA,âšª,white circle
1457,U+2B1B,â¬›,black large square
1458,U+2B1C,â¬œ,white large square
1459,U+25FC,â—¼,black medium square
1460,U+25FB,â—»,white medium square
1461,U+25FE,â—¾,black medium-small square
1462,U+25FD,â—½,white medium-small square
1463,U+25AA,â–ª,black small square
1464,U+25AB,â–«,white small square
1465,U+1F536,ğŸ”¶,large orange diamond
1466,U+1F537,ğŸ”·,large blue diamond
1467,U+1F538,ğŸ”¸,small orange diamond
1468,U+1F539,ğŸ”¹,small blue diamond
1469,U+1F53A,ğŸ”º,red triangle pointed up
1470,U+1F53B,ğŸ”»,red triangle pointed down
1471,U+1F4A0,ğŸ’ ,diamond with a dot
1472,U+1F518,ğŸ”˜,radio button
1473,U+1F533,ğŸ”³,white square button
1474,U+1F532,ğŸ”²,black square button
1475,U+1F3C1,ğŸ,chequered flag
1476,U+1F6A9,ğŸš©,triangular flag
1477,U+1F38C,ğŸŒ,crossed flags
1478,U+1F3F4,ğŸ´,black flag
1479,U+1F3F3,ğŸ³,white flag
1480,U+1F3F3 U+FE0F U+200D U+1F308,ğŸ³ï¸â€ğŸŒˆ,rainbow flag
1481,U+1F3F4 U+200D U+2620 U+FE0F,ğŸ´â€â˜ ï¸,pirate flag
1482,U+1F1E6 U+1F1E8,ğŸ‡¦ğŸ‡¨,flag: Ascension Island
1483,U+1F1E6 U+1F1E9,ğŸ‡¦ğŸ‡©,flag: Andorra
1484,U+1F1E6 U+1F1EA,ğŸ‡¦ğŸ‡ª,flag: United Arab Emirates
1485,U+1F1E6 U+1F1EB,ğŸ‡¦ğŸ‡«,flag: Afghanistan
1486,U+1F1E6 U+1F1EC,ğŸ‡¦ğŸ‡¬,flag: Antigua & Barbuda
1487,U+1F1E6 U+1F1EE,ğŸ‡¦ğŸ‡®,flag: Anguilla
1488,U+1F1E6 U+1F1F1,ğŸ‡¦ğŸ‡±,flag: Albania
1489,U+1F1E6 U+1F1F2,ğŸ‡¦ğŸ‡²,flag: Armenia
1490,U+1F1E6 U+1F1F4,ğŸ‡¦ğŸ‡´,flag: Angola
1491,U+1F1E6 U+1F1F6,ğŸ‡¦ğŸ‡¶,flag: Antarctica
1492,U+1F1E6 U+1F1F7,ğŸ‡¦ğŸ‡·,flag: Argentina
1493,U+1F1E6 U+1F1F8,ğŸ‡¦ğŸ‡¸,flag: American Samoa
1494,U+1F1E6 U+1F1F9,ğŸ‡¦ğŸ‡¹,flag: Austria
1495,U+1F1E6 U+1F1FA,ğŸ‡¦ğŸ‡º,flag: Australia
1496,U+1F1E6 U+1F1FC,ğŸ‡¦ğŸ‡¼,flag: Aruba
1497,U+1F1E6 U+1F1FD,ğŸ‡¦ğŸ‡½,flag: Ã…land Islands
1498,U+1F1E6 U+1F1FF,ğŸ‡¦ğŸ‡¿,flag: Azerbaijan
1499,U+1F1E7 U+1F1E6,ğŸ‡§ğŸ‡¦,flag: Bosnia & Herzegovina
1500,U+1F1E7 U+1F1E7,ğŸ‡§ğŸ‡§,flag: Barbados
1501,U+1F1E7 U+1F1E9,ğŸ‡§ğŸ‡©,flag: Bangladesh
1502,U+1F1E7 U+1F1EA,ğŸ‡§ğŸ‡ª,flag: Belgium
1503,U+1F1E7 U+1F1EB,ğŸ‡§ğŸ‡«,flag: Burkina Faso
1504,U+1F1E7 U+1F1EC,ğŸ‡§ğŸ‡¬,flag: Bulgaria
1505,U+1F1E7 U+1F1ED,ğŸ‡§ğŸ‡­,flag: Bahrain
1506,U+1F1E7 U+1F1EE,ğŸ‡§ğŸ‡®,flag: Burundi
1507,U+1F1E7 U+1F1EF,ğŸ‡§ğŸ‡¯,flag: Benin
1508,U+1F1E7 U+1F1F1,ğŸ‡§ğŸ‡±,flag: St. BarthÃ©lemy
1509,U+1F1E7 U+1F1F2,ğŸ‡§ğŸ‡²,flag: Bermuda
1510,U+1F1E7 U+1F1F3,ğŸ‡§ğŸ‡³,flag: Brunei
1511,U+1F1E7 U+1F1F4,ğŸ‡§ğŸ‡´,flag: Bolivia
1512,U+1F1E7 U+1F1F6,ğŸ‡§ğŸ‡¶,flag: Caribbean Netherlands
1513,U+1F1E7 U+1F1F7,ğŸ‡§ğŸ‡·,flag: Brazil
1514,U+1F1E7 U+1F1F8,ğŸ‡§ğŸ‡¸,flag: Bahamas
1515,U+1F1E7 U+1F1F9,ğŸ‡§ğŸ‡¹,flag: Bhutan
1516,U+1F1E7 U+1F1FB,ğŸ‡§ğŸ‡»,flag: Bouvet Island
1517,U+1F1E7 U+1F1FC,ğŸ‡§ğŸ‡¼,flag: Botswana
1518,U+1F1E7 U+1F1FE,ğŸ‡§ğŸ‡¾,flag: Belarus
1519,U+1F1E7 U+1F1FF,ğŸ‡§ğŸ‡¿,flag: Belize
1520,U+1F1E8 U+1F1E6,ğŸ‡¨ğŸ‡¦,flag: Canada
1521,U+1F1E8 U+1F1E8,ğŸ‡¨ğŸ‡¨,flag: Cocos (Keeling) Islands
1522,U+1F1E8 U+1F1E9,ğŸ‡¨ğŸ‡©,flag: Congo - Kinshasa
1523,U+1F1E8 U+1F1EB,ğŸ‡¨ğŸ‡«,flag: Central African Republic
1524,U+1F1E8 U+1F1EC,ğŸ‡¨ğŸ‡¬,flag: Congo - Brazzaville
1525,U+1F1E8 U+1F1ED,ğŸ‡¨ğŸ‡­,flag: Switzerland
1526,U+1F1E8 U+1F1EE,ğŸ‡¨ğŸ‡®,flag: CÃ´te dâ€™Ivoire
1527,U+1F1E8 U+1F1F0,ğŸ‡¨ğŸ‡°,flag: Cook Islands
1528,U+1F1E8 U+1F1F1,ğŸ‡¨ğŸ‡±,flag: Chile
1529,U+1F1E8 U+1F1F2,ğŸ‡¨ğŸ‡²,flag: Cameroon
1530,U+1F1E8 U+1F1F3,ğŸ‡¨ğŸ‡³,flag: China
1531,U+1F1E8 U+1F1F4,ğŸ‡¨ğŸ‡´,flag: Colombia
1532,U+1F1E8 U+1F1F5,ğŸ‡¨ğŸ‡µ,flag: Clipperton Island
1533,U+1F1E8 U+1F1F7,ğŸ‡¨ğŸ‡·,flag: Costa Rica
1534,U+1F1E8 U+1F1FA,ğŸ‡¨ğŸ‡º,flag: Cuba
1535,U+1F1E8 U+1F1FB,ğŸ‡¨ğŸ‡»,flag: Cape Verde
1536,U+1F1E8 U+1F1FC,ğŸ‡¨ğŸ‡¼,flag: CuraÃ§ao
1537,U+1F1E8 U+1F1FD,ğŸ‡¨ğŸ‡½,flag: Christmas Island
1538,U+1F1E8 U+1F1FE,ğŸ‡¨ğŸ‡¾,flag: Cyprus
1539,U+1F1E8 U+1F1FF,ğŸ‡¨ğŸ‡¿,flag: Czechia
1540,U+1F1E9 U+1F1EA,ğŸ‡©ğŸ‡ª,flag: Germany
1541,U+1F1E9 U+1F1EC,ğŸ‡©ğŸ‡¬,flag: Diego Garcia
1542,U+1F1E9 U+1F1EF,ğŸ‡©ğŸ‡¯,flag: Djibouti
1543,U+1F1E9 U+1F1F0,ğŸ‡©ğŸ‡°,flag: Denmark
1544,U+1F1E9 U+1F1F2,ğŸ‡©ğŸ‡²,flag: Dominica
1545,U+1F1E9 U+1F1F4,ğŸ‡©ğŸ‡´,flag: Dominican Republic
1546,U+1F1E9 U+1F1FF,ğŸ‡©ğŸ‡¿,flag: Algeria
1547,U+1F1EA U+1F1E6,ğŸ‡ªğŸ‡¦,flag: Ceuta & Melilla
1548,U+1F1EA U+1F1E8,ğŸ‡ªğŸ‡¨,flag: Ecuador
1549,U+1F1EA U+1F1EA,ğŸ‡ªğŸ‡ª,flag: Estonia
1550,U+1F1EA U+1F1EC,ğŸ‡ªğŸ‡¬,flag: Egypt
1551,U+1F1EA U+1F1ED,ğŸ‡ªğŸ‡­,flag: Western Sahara
1552,U+1F1EA U+1F1F7,ğŸ‡ªğŸ‡·,flag: Eritrea
1553,U+1F1EA U+1F1F8,ğŸ‡ªğŸ‡¸,flag: Spain
1554,U+1F1EA U+1F1F9,ğŸ‡ªğŸ‡¹,flag: Ethiopia
1555,U+1F1EA U+1F1FA,ğŸ‡ªğŸ‡º,flag: European Union
1556,U+1F1EB U+1F1EE,ğŸ‡«ğŸ‡®,flag: Finland
1557,U+1F1EB U+1F1EF,ğŸ‡«ğŸ‡¯,flag: Fiji
1558,U+1F1EB U+1F1F0,ğŸ‡«ğŸ‡°,flag: Falkland Islands
1559,U+1F1EB U+1F1F2,ğŸ‡«ğŸ‡²,flag: Micronesia
1560,U+1F1EB U+1F1F4,ğŸ‡«ğŸ‡´,flag: Faroe Islands
1561,U+1F1EB U+1F1F7,ğŸ‡«ğŸ‡·,flag: France
1562,U+1F1EC U+1F1E6,ğŸ‡¬ğŸ‡¦,flag: Gabon
1563,U+1F1EC U+1F1E7,ğŸ‡¬ğŸ‡§,flag: United Kingdom
1564,U+1F1EC U+1F1E9,ğŸ‡¬ğŸ‡©,flag: Grenada
1565,U+1F1EC U+1F1EA,ğŸ‡¬ğŸ‡ª,flag: Georgia
1566,U+1F1EC U+1F1EB,ğŸ‡¬ğŸ‡«,flag: French Guiana
1567,U+1F1EC U+1F1EC,ğŸ‡¬ğŸ‡¬,flag: Guernsey
1568,U+1F1EC U+1F1ED,ğŸ‡¬ğŸ‡­,flag: Ghana
1569,U+1F1EC U+1F1EE,ğŸ‡¬ğŸ‡®,flag: Gibraltar
1570,U+1F1EC U+1F1F1,ğŸ‡¬ğŸ‡±,flag: Greenland
1571,U+1F1EC U+1F1F2,ğŸ‡¬ğŸ‡²,flag: Gambia
1572,U+1F1EC U+1F1F3,ğŸ‡¬ğŸ‡³,flag: Guinea
1573,U+1F1EC U+1F1F5,ğŸ‡¬ğŸ‡µ,flag: Guadeloupe
1574,U+1F1EC U+1F1F6,ğŸ‡¬ğŸ‡¶,flag: Equatorial Guinea
1575,U+1F1EC U+1F1F7,ğŸ‡¬ğŸ‡·,flag: Greece
1576,U+1F1EC U+1F1F8,ğŸ‡¬ğŸ‡¸,flag: South Georgia & South Sandwich Islands
1577,U+1F1EC U+1F1F9,ğŸ‡¬ğŸ‡¹,flag: Guatemala
1578,U+1F1EC U+1F1FA,ğŸ‡¬ğŸ‡º,flag: Guam
1579,U+1F1EC U+1F1FC,ğŸ‡¬ğŸ‡¼,flag: Guinea-Bissau
1580,U+1F1EC U+1F1FE,ğŸ‡¬ğŸ‡¾,flag: Guyana
1581,U+1F1ED U+1F1F0,ğŸ‡­ğŸ‡°,flag: Hong Kong SAR China
1582,U+1F1ED U+1F1F2,ğŸ‡­ğŸ‡²,flag: Heard & McDonald Islands
1583,U+1F1ED U+1F1F3,ğŸ‡­ğŸ‡³,flag: Honduras
1584,U+1F1ED U+1F1F7,ğŸ‡­ğŸ‡·,flag: Croatia
1585,U+1F1ED U+1F1F9,ğŸ‡­ğŸ‡¹,flag: Haiti
1586,U+1F1ED U+1F1FA,ğŸ‡­ğŸ‡º,flag: Hungary
1587,U+1F1EE U+1F1E8,ğŸ‡®ğŸ‡¨,flag: Canary Islands
1588,U+1F1EE U+1F1E9,ğŸ‡®ğŸ‡©,flag: Indonesia
1589,U+1F1EE U+1F1EA,ğŸ‡®ğŸ‡ª,flag: Ireland
1590,U+1F1EE U+1F1F1,ğŸ‡®ğŸ‡±,flag: Israel
1591,U+1F1EE U+1F1F2,ğŸ‡®ğŸ‡²,flag: Isle of Man
1592,U+1F1EE U+1F1F3,ğŸ‡®ğŸ‡³,flag: India
1593,U+1F1EE U+1F1F4,ğŸ‡®ğŸ‡´,flag: British Indian Ocean Territory
1594,U+1F1EE U+1F1F6,ğŸ‡®ğŸ‡¶,flag: Iraq
1595,U+1F1EE U+1F1F7,ğŸ‡®ğŸ‡·,flag: Iran
1596,U+1F1EE U+1F1F8,ğŸ‡®ğŸ‡¸,flag: Iceland
1597,U+1F1EE U+1F1F9,ğŸ‡®ğŸ‡¹,flag: Italy
1598,U+1F1EF U+1F1EA,ğŸ‡¯ğŸ‡ª,flag: Jersey
1599,U+1F1EF U+1F1F2,ğŸ‡¯ğŸ‡²,flag: Jamaica
1600,U+1F1EF U+1F1F4,ğŸ‡¯ğŸ‡´,flag: Jordan
1601,U+1F1EF U+1F1F5,ğŸ‡¯ğŸ‡µ,flag: Japan
1602,U+1F1F0 U+1F1EA,ğŸ‡°ğŸ‡ª,flag: Kenya
1603,U+1F1F0 U+1F1EC,ğŸ‡°ğŸ‡¬,flag: Kyrgyzstan
1604,U+1F1F0 U+1F1ED,ğŸ‡°ğŸ‡­,flag: Cambodia
1605,U+1F1F0 U+1F1EE,ğŸ‡°ğŸ‡®,flag: Kiribati
1606,U+1F1F0 U+1F1F2,ğŸ‡°ğŸ‡²,flag: Comoros
1607,U+1F1F0 U+1F1F3,ğŸ‡°ğŸ‡³,flag: St. Kitts & Nevis
1608,U+1F1F0 U+1F1F5,ğŸ‡°ğŸ‡µ,flag: North Korea
1609,U+1F1F0 U+1F1F7,ğŸ‡°ğŸ‡·,flag: South Korea
1610,U+1F1F0 U+1F1FC,ğŸ‡°ğŸ‡¼,flag: Kuwait
1611,U+1F1F0 U+1F1FE,ğŸ‡°ğŸ‡¾,flag: Cayman Islands
1612,U+1F1F0 U+1F1FF,ğŸ‡°ğŸ‡¿,flag: Kazakhstan
1613,U+1F1F1 U+1F1E6,ğŸ‡±ğŸ‡¦,flag: Laos
1614,U+1F1F1 U+1F1E7,ğŸ‡±ğŸ‡§,flag: Lebanon
1615,U+1F1F1 U+1F1E8,ğŸ‡±ğŸ‡¨,flag: St. Lucia
1616,U+1F1F1 U+1F1EE,ğŸ‡±ğŸ‡®,flag: Liechtenstein
1617,U+1F1F1 U+1F1F0,ğŸ‡±ğŸ‡°,flag: Sri Lanka
1618,U+1F1F1 U+1F1F7,ğŸ‡±ğŸ‡·,flag: Liberia
1619,U+1F1F1 U+1F1F8,ğŸ‡±ğŸ‡¸,flag: Lesotho
1620,U+1F1F1 U+1F1F9,ğŸ‡±ğŸ‡¹,flag: Lithuania
1621,U+1F1F1 U+1F1FA,ğŸ‡±ğŸ‡º,flag: Luxembourg
1622,U+1F1F1 U+1F1FB,ğŸ‡±ğŸ‡»,flag: Latvia
1623,U+1F1F1 U+1F1FE,ğŸ‡±ğŸ‡¾,flag: Libya
1624,U+1F1F2 U+1F1E6,ğŸ‡²ğŸ‡¦,flag: Morocco
1625,U+1F1F2 U+1F1E8,ğŸ‡²ğŸ‡¨,flag: Monaco
1626,U+1F1F2 U+1F1E9,ğŸ‡²ğŸ‡©,flag: Moldova
1627,U+1F1F2 U+1F1EA,ğŸ‡²ğŸ‡ª,flag: Montenegro
1628,U+1F1F2 U+1F1EB,ğŸ‡²ğŸ‡«,flag: St. Martin
1629,U+1F1F2 U+1F1EC,ğŸ‡²ğŸ‡¬,flag: Madagascar
1630,U+1F1F2 U+1F1ED,ğŸ‡²ğŸ‡­,flag: Marshall Islands
1631,U+1F1F2 U+1F1F0,ğŸ‡²ğŸ‡°,flag: North Macedonia
1632,U+1F1F2 U+1F1F1,ğŸ‡²ğŸ‡±,flag: Mali
1633,U+1F1F2 U+1F1F2,ğŸ‡²ğŸ‡²,flag: Myanmar (Burma)
1634,U+1F1F2 U+1F1F3,ğŸ‡²ğŸ‡³,flag: Mongolia
1635,U+1F1F2 U+1F1F4,ğŸ‡²ğŸ‡´,flag: Macao SAR China
1636,U+1F1F2 U+1F1F5,ğŸ‡²ğŸ‡µ,flag: Northern Mariana Islands
1637,U+1F1F2 U+1F1F6,ğŸ‡²ğŸ‡¶,flag: Martinique
1638,U+1F1F2 U+1F1F7,ğŸ‡²ğŸ‡·,flag: Mauritania
1639,U+1F1F2 U+1F1F8,ğŸ‡²ğŸ‡¸,flag: Montserrat
1640,U+1F1F2 U+1F1F9,ğŸ‡²ğŸ‡¹,flag: Malta
1641,U+1F1F2 U+1F1FA,ğŸ‡²ğŸ‡º,flag: Mauritius
1642,U+1F1F2 U+1F1FB,ğŸ‡²ğŸ‡»,flag: Maldives
1643,U+1F1F2 U+1F1FC,ğŸ‡²ğŸ‡¼,flag: Malawi
1644,U+1F1F2 U+1F1FD,ğŸ‡²ğŸ‡½,flag: Mexico
1645,U+1F1F2 U+1F1FE,ğŸ‡²ğŸ‡¾,flag: Malaysia
1646,U+1F1F2 U+1F1FF,ğŸ‡²ğŸ‡¿,flag: Mozambique
1647,U+1F1F3 U+1F1E6,ğŸ‡³ğŸ‡¦,flag: Namibia
1648,U+1F1F3 U+1F1E8,ğŸ‡³ğŸ‡¨,flag: New Caledonia
1649,U+1F1F3 U+1F1EA,ğŸ‡³ğŸ‡ª,flag: Niger
1650,U+1F1F3 U+1F1EB,ğŸ‡³ğŸ‡«,flag: Norfolk Island
1651,U+1F1F3 U+1F1EC,ğŸ‡³ğŸ‡¬,flag: Nigeria
1652,U+1F1F3 U+1F1EE,ğŸ‡³ğŸ‡®,flag: Nicaragua
1653,U+1F1F3 U+1F1F1,ğŸ‡³ğŸ‡±,flag: Netherlands
1654,U+1F1F3 U+1F1F4,ğŸ‡³ğŸ‡´,flag: Norway
1655,U+1F1F3 U+1F1F5,ğŸ‡³ğŸ‡µ,flag: Nepal
1656,U+1F1F3 U+1F1F7,ğŸ‡³ğŸ‡·,flag: Nauru
1657,U+1F1F3 U+1F1FA,ğŸ‡³ğŸ‡º,flag: Niue
1658,U+1F1F3 U+1F1FF,ğŸ‡³ğŸ‡¿,flag: New Zealand
1659,U+1F1F4 U+1F1F2,ğŸ‡´ğŸ‡²,flag: Oman
1660,U+1F1F5 U+1F1E6,ğŸ‡µğŸ‡¦,flag: Panama
1661,U+1F1F5 U+1F1EA,ğŸ‡µğŸ‡ª,flag: Peru
1662,U+1F1F5 U+1F1EB,ğŸ‡µğŸ‡«,flag: French Polynesia
1663,U+1F1F5 U+1F1EC,ğŸ‡µğŸ‡¬,flag: Papua New Guinea
1664,U+1F1F5 U+1F1ED,ğŸ‡µğŸ‡­,flag: Philippines
1665,U+1F1F5 U+1F1F0,ğŸ‡µğŸ‡°,flag: Pakistan
1666,U+1F1F5 U+1F1F1,ğŸ‡µğŸ‡±,flag: Poland
1667,U+1F1F5 U+1F1F2,ğŸ‡µğŸ‡²,flag: St. Pierre & Miquelon
1668,U+1F1F5 U+1F1F3,ğŸ‡µğŸ‡³,flag: Pitcairn Islands
1669,U+1F1F5 U+1F1F7,ğŸ‡µğŸ‡·,flag: Puerto Rico
1670,U+1F1F5 U+1F1F8,ğŸ‡µğŸ‡¸,flag: Palestinian Territories
1671,U+1F1F5 U+1F1F9,ğŸ‡µğŸ‡¹,flag: Portugal
1672,U+1F1F5 U+1F1FC,ğŸ‡µğŸ‡¼,flag: Palau
1673,U+1F1F5 U+1F1FE,ğŸ‡µğŸ‡¾,flag: Paraguay
1674,U+1F1F6 U+1F1E6,ğŸ‡¶ğŸ‡¦,flag: Qatar
1675,U+1F1F7 U+1F1EA,ğŸ‡·ğŸ‡ª,flag: RÃ©union
1676,U+1F1F7 U+1F1F4,ğŸ‡·ğŸ‡´,flag: Romania
1677,U+1F1F7 U+1F1F8,ğŸ‡·ğŸ‡¸,flag: Serbia
1678,U+1F1F7 U+1F1FA,ğŸ‡·ğŸ‡º,flag: Russia
1679,U+1F1F7 U+1F1FC,ğŸ‡·ğŸ‡¼,flag: Rwanda
1680,U+1F1F8 U+1F1E6,ğŸ‡¸ğŸ‡¦,flag: Saudi Arabia
1681,U+1F1F8 U+1F1E7,ğŸ‡¸ğŸ‡§,flag: Solomon Islands
1682,U+1F1F8 U+1F1E8,ğŸ‡¸ğŸ‡¨,flag: Seychelles
1683,U+1F1F8 U+1F1E9,ğŸ‡¸ğŸ‡©,flag: Sudan
1684,U+1F1F8 U+1F1EA,ğŸ‡¸ğŸ‡ª,flag: Sweden
1685,U+1F1F8 U+1F1EC,ğŸ‡¸ğŸ‡¬,flag: Singapore
1686,U+1F1F8 U+1F1ED,ğŸ‡¸ğŸ‡­,flag: St. Helena
1687,U+1F1F8 U+1F1EE,ğŸ‡¸ğŸ‡®,flag: Slovenia
1688,U+1F1F8 U+1F1EF,ğŸ‡¸ğŸ‡¯,flag: Svalbard & Jan Mayen
1689,U+1F1F8 U+1F1F0,ğŸ‡¸ğŸ‡°,flag: Slovakia
1690,U+1F1F8 U+1F1F1,ğŸ‡¸ğŸ‡±,flag: Sierra Leone
1691,U+1F1F8 U+1F1F2,ğŸ‡¸ğŸ‡²,flag: San Marino
1692,U+1F1F8 U+1F1F3,ğŸ‡¸ğŸ‡³,flag: Senegal
1693,U+1F1F8 U+1F1F4,ğŸ‡¸ğŸ‡´,flag: Somalia
1694,U+1F1F8 U+1F1F7,ğŸ‡¸ğŸ‡·,flag: Suriname
1695,U+1F1F8 U+1F1F8,ğŸ‡¸ğŸ‡¸,flag: South Sudan
1696,U+1F1F8 U+1F1F9,ğŸ‡¸ğŸ‡¹,flag: SÃ£o TomÃ© & PrÃ­ncipe
1697,U+1F1F8 U+1F1FB,ğŸ‡¸ğŸ‡»,flag: El Salvador
1698,U+1F1F8 U+1F1FD,ğŸ‡¸ğŸ‡½,flag: Sint Maarten
1699,U+1F1F8 U+1F1FE,ğŸ‡¸ğŸ‡¾,flag: Syria
1700,U+1F1F8 U+1F1FF,ğŸ‡¸ğŸ‡¿,flag: Eswatini
1701,U+1F1F9 U+1F1E6,ğŸ‡¹ğŸ‡¦,flag: Tristan da Cunha
1702,U+1F1F9 U+1F1E8,ğŸ‡¹ğŸ‡¨,flag: Turks & Caicos Islands
1703,U+1F1F9 U+1F1E9,ğŸ‡¹ğŸ‡©,flag: Chad
1704,U+1F1F9 U+1F1EB,ğŸ‡¹ğŸ‡«,flag: French Southern Territories
1705,U+1F1F9 U+1F1EC,ğŸ‡¹ğŸ‡¬,flag: Togo
1706,U+1F1F9 U+1F1ED,ğŸ‡¹ğŸ‡­,flag: Thailand
1707,U+1F1F9 U+1F1EF,ğŸ‡¹ğŸ‡¯,flag: Tajikistan
1708,U+1F1F9 U+1F1F0,ğŸ‡¹ğŸ‡°,flag: Tokelau
1709,U+1F1F9 U+1F1F1,ğŸ‡¹ğŸ‡±,flag: Timor-Leste
1710,U+1F1F9 U+1F1F2,ğŸ‡¹ğŸ‡²,flag: Turkmenistan
1711,U+1F1F9 U+1F1F3,ğŸ‡¹ğŸ‡³,flag: Tunisia
1712,U+1F1F9 U+1F1F4,ğŸ‡¹ğŸ‡´,flag: Tonga
1713,U+1F1F9 U+1F1F7,ğŸ‡¹ğŸ‡·,flag: Turkey
1714,U+1F1F9 U+1F1F9,ğŸ‡¹ğŸ‡¹,flag: Trinidad & Tobago
1715,U+1F1F9 U+1F1FB,ğŸ‡¹ğŸ‡»,flag: Tuvalu
1716,U+1F1F9 U+1F1FC,ğŸ‡¹ğŸ‡¼,flag: Taiwan
1717,U+1F1F9 U+1F1FF,ğŸ‡¹ğŸ‡¿,flag: Tanzania
1718,U+1F1FA U+1F1E6,ğŸ‡ºğŸ‡¦,flag: Ukraine
1719,U+1F1FA U+1F1EC,ğŸ‡ºğŸ‡¬,flag: Uganda
1720,U+1F1FA U+1F1F2,ğŸ‡ºğŸ‡²,flag: U.S. Outlying Islands
1721,U+1F1FA U+1F1F3,ğŸ‡ºğŸ‡³,flag: United Nations
1722,U+1F1FA U+1F1F8,ğŸ‡ºğŸ‡¸,flag: United States
1723,U+1F1FA U+1F1FE,ğŸ‡ºğŸ‡¾,flag: Uruguay
1724,U+1F1FA U+1F1FF,ğŸ‡ºğŸ‡¿,flag: Uzbekistan
1725,U+1F1FB U+1F1E6,ğŸ‡»ğŸ‡¦,flag: Vatican City
1726,U+1F1FB U+1F1E8,ğŸ‡»ğŸ‡¨,flag: St. Vincent & Grenadines
1727,U+1F1FB U+1F1EA,ğŸ‡»ğŸ‡ª,flag: Venezuela
1728,U+1F1FB U+1F1EC,ğŸ‡»ğŸ‡¬,flag: British Virgin Islands
1729,U+1F1FB U+1F1EE,ğŸ‡»ğŸ‡®,flag: U.S. Virgin Islands
1730,U+1F1FB U+1F1F3,ğŸ‡»ğŸ‡³,flag: Vietnam
1731,U+1F1FB U+1F1FA,ğŸ‡»ğŸ‡º,flag: Vanuatu
1732,U+1F1FC U+1F1EB,ğŸ‡¼ğŸ‡«,flag: Wallis & Futuna
1733,U+1F1FC U+1F1F8,ğŸ‡¼ğŸ‡¸,flag: Samoa
1734,U+1F1FD U+1F1F0,ğŸ‡½ğŸ‡°,flag: Kosovo
1735,U+1F1FE U+1F1EA,ğŸ‡¾ğŸ‡ª,flag: Yemen
1736,U+1F1FE U+1F1F9,ğŸ‡¾ğŸ‡¹,flag: Mayotte
1737,U+1F1FF U+1F1E6,ğŸ‡¿ğŸ‡¦,flag: South Africa
1738,U+1F1FF U+1F1F2,ğŸ‡¿ğŸ‡²,flag: Zambia
1739,U+1F1FF U+1F1FC,ğŸ‡¿ğŸ‡¼,flag: Zimbabwe
1740,U+1F3F4 U+E0067 U+E0062 U+E0065 U+E006E U+E0067 U+E007F,ğŸ´ó §ó ¢ó ¥ó ®ó §ó ¿,flag: England
1741,U+1F3F4 U+E0067 U+E0062 U+E0073 U+E0063 U+E0074 U+E007F,ğŸ´ó §ó ¢ó ³ó £ó ´ó ¿,flag: Scotland
1742,U+1F3F4 U+E0067 U+E0062 U+E0077 U+E006C U+E0073 U+E007F,ğŸ´ó §ó ¢ó ·ó ¬ó ³ó ¿,flag: Wales
